Event Index,UTC Timestamp,UTC Date,Local Timestamp,Local Timezone,Local Date,Experiment ID,Experiment Version,Tree Node Key,Repeat Key,Schedule ID,Participant Public ID,Participant Private ID,Participant Starting Group,Participant Status,Participant Completion Code,Participant External Session ID,Participant Device Type,Participant Device,Participant OS,Participant Browser,Participant Monitor Size,Participant Viewport Size,Checkpoint,Task Name,Task Version,randomiser-mgaa,checkpoint-z52s,checkpoint-u6nu,checkpoint-puaw,checkpoint-axcr,checkpoint-mrc4,reaction time,stimulus,button pressed
1,1551893526815,06/03/2019 17:32:06,1551893526241,0,06/03/2019 17:32:06,6138,31,task-jgum,,2280235,5c0e55c7427e7b00013b7cb0,621711,,complete,,5c8003740fa63e001663059f,computer,Desktop or Laptop,Windows 10,Chrome 72.0.3626.121,1280x720,1280x578,after questionnairs,HeadphonesCheck,3,High to Low,after consent,after demographics,after training,after fishing,after questionnairs,5297.514999983832,"<p style=""color: black; font-size: 28px; font-weight: bold;"">This is a sound check. Please turn on the sound on.</p>",
2,1551893535707,06/03/2019 17:32:15,1551893535149,0,06/03/2019 17:32:15,6138,31,task-jgum,,2280235,5c0e55c7427e7b00013b7cb0,621711,,complete,,5c8003740fa63e001663059f,computer,Desktop or Laptop,Windows 10,Chrome 72.0.3626.121,1280x720,1280x578,after questionnairs,HeadphonesCheck,3,High to Low,after consent,after demographics,after training,after fishing,after questionnairs,8904.225000005681,/task/29849/3/asset/Dog.mp3,1
3,1551893543681,06/03/2019 17:32:23,1551893543174,0,06/03/2019 17:32:23,6138,31,task-jgum,,2280235,5c0e55c7427e7b00013b7cb0,621711,,complete,,5c8003740fa63e001663059f,computer,Desktop or Laptop,Windows 10,Chrome 72.0.3626.121,1280x720,1280x578,after questionnairs,HeadphonesCheck,3,High to Low,after consent,after demographics,after training,after fishing,after questionnairs,8021.674999967217,/task/29849/3/asset/Owl.mp3,0
4,1551893545524,06/03/2019 17:32:25,1551893544997,0,06/03/2019 17:32:24,6138,31,task-jgum,,2280235,5c0e55c7427e7b00013b7cb0,621711,,complete,,5c8003740fa63e001663059f,computer,Desktop or Laptop,Windows 10,Chrome 72.0.3626.121,1280x720,1280x578,after questionnairs,HeadphonesCheck,3,High to Low,after consent,after demographics,after training,after fishing,after questionnairs,1821.1250000167638,/task/29849/3/asset/Goat.mp3,0
1,1551893865454,06/03/2019 17:37:45,1551893865237,0,06/03/2019 17:37:45,6138,31,task-jgum,,2280317,5bcd24135c2b810001dc9756,621725,,complete,,5c8004ee1b962600165d54b8,computer,Desktop or Laptop,Windows 10,Chrome 72.0.3626.119,1366x768,1366x657,after questionnairs,HeadphonesCheck,3,Low to High,after consent,after demographics,after training,after fishing,after questionnairs,7436.119999998482,"<p style=""color: black; font-size: 28px; font-weight: bold;"">This is a sound check. Please turn on the sound on.</p>",
2,1551893873361,06/03/2019 17:37:53,1551893873205,0,06/03/2019 17:37:53,6138,31,task-jgum,,2280317,5bcd24135c2b810001dc9756,621725,,complete,,5c8004ee1b962600165d54b8,computer,Desktop or Laptop,Windows 10,Chrome 72.0.3626.119,1366x768,1366x657,after questionnairs,HeadphonesCheck,3,Low to High,after consent,after demographics,after training,after fishing,after questionnairs,7937.544999993406,/task/29849/3/asset/Dog.mp3,1
3,1551893882941,06/03/2019 17:38:02,1551893882788,0,06/03/2019 17:38:02,6138,31,task-jgum,,2280317,5bcd24135c2b810001dc9756,621725,,complete,,5c8004ee1b962600165d54b8,computer,Desktop or Laptop,Windows 10,Chrome 72.0.3626.119,1366x768,1366x657,after questionnairs,HeadphonesCheck,3,Low to High,after consent,after demographics,after training,after fishing,after questionnairs,9571.724999987055,/task/29849/3/asset/Owl.mp3,0
4,1551893886070,06/03/2019 17:38:06,1551893885911,0,06/03/2019 17:38:05,6138,31,task-jgum,,2280317,5bcd24135c2b810001dc9756,621725,,complete,,5c8004ee1b962600165d54b8,computer,Desktop or Laptop,Windows 10,Chrome 72.0.3626.119,1366x768,1366x657,after questionnairs,HeadphonesCheck,3,Low to High,after consent,after demographics,after training,after fishing,after questionnairs,3109.0599999879487,/task/29849/3/asset/Goat.mp3,0
1,1551894028876,06/03/2019 17:40:28,1551894027881,0,06/03/2019 17:40:27,6138,31,task-jgum,,2280348,5c536487b78e9500010dc0a1,621729,,complete,,5c8005472d63590001fd7a4a,computer,Desktop or Laptop,Mac OS 10.14.3,Safari 12.0.3,1440x900,1440x837,after questionnairs,HeadphonesCheck,3,High to Low,after consent,after demographics,after training,after fishing,after questionnairs,3569,"<p style=""color: black; font-size: 28px; font-weight: bold;"">This is a sound check. Please turn on the sound on.</p>",
2,1551894033284,06/03/2019 17:40:33,1551894032393,0,06/03/2019 17:40:32,6138,31,task-jgum,,2280348,5c536487b78e9500010dc0a1,621729,,complete,,5c8005472d63590001fd7a4a,computer,Desktop or Laptop,Mac OS 10.14.3,Safari 12.0.3,1440x900,1440x837,after questionnairs,HeadphonesCheck,3,High to Low,after consent,after demographics,after training,after fishing,after questionnairs,4501.999999999999,/task/29849/3/asset/Dog.mp3,1
3,1551894036489,06/03/2019 17:40:36,1551894035522,0,06/03/2019 17:40:35,6138,31,task-jgum,,2280348,5c536487b78e9500010dc0a1,621729,,complete,,5c8005472d63590001fd7a4a,computer,Desktop or Laptop,Mac OS 10.14.3,Safari 12.0.3,1440x900,1440x837,after questionnairs,HeadphonesCheck,3,High to Low,after consent,after demographics,after training,after fishing,after questionnairs,3127,/task/29849/3/asset/Owl.mp3,0
4,1551894039302,06/03/2019 17:40:39,1551894038441,0,06/03/2019 17:40:38,6138,31,task-jgum,,2280348,5c536487b78e9500010dc0a1,621729,,complete,,5c8005472d63590001fd7a4a,computer,Desktop or Laptop,Mac OS 10.14.3,Safari 12.0.3,1440x900,1440x837,after questionnairs,HeadphonesCheck,3,High to Low,after consent,after demographics,after training,after fishing,after questionnairs,2916.999999999998,/task/29849/3/asset/Goat.mp3,0
1,1551894130353,06/03/2019 17:42:10,1551894129131,0,06/03/2019 17:42:09,6138,31,task-jgum,,2280373,5c655f01755ed200011bf205,621733,,complete,,5c80061b472e4e0012531f32,computer,Desktop or Laptop,Windows 10,Chrome 72.0.3626.119,1366x768,1366x657,after questionnairs,HeadphonesCheck,3,Low to High,after consent,after demographics,after training,after fishing,after questionnairs,4878.375000000233,"<p style=""color: black; font-size: 28px; font-weight: bold;"">This is a sound check. Please turn on the sound on.</p>",
2,1551894133398,06/03/2019 17:42:13,1551894132154,0,06/03/2019 17:42:12,6138,31,task-jgum,,2280373,5c655f01755ed200011bf205,621733,,complete,,5c80061b472e4e0012531f32,computer,Desktop or Laptop,Windows 10,Chrome 72.0.3626.119,1366x768,1366x657,after questionnairs,HeadphonesCheck,3,Low to High,after consent,after demographics,after training,after fishing,after questionnairs,2979.395000002114,/task/29849/3/asset/Dog.mp3,1
3,1551894135459,06/03/2019 17:42:15,1551894134326,0,06/03/2019 17:42:14,6138,31,task-jgum,,2280373,5c655f01755ed200011bf205,621733,,complete,,5c80061b472e4e0012531f32,computer,Desktop or Laptop,Windows 10,Chrome 72.0.3626.119,1366x768,1366x657,after questionnairs,HeadphonesCheck,3,Low to High,after consent,after demographics,after training,after fishing,after questionnairs,2165.3750000114087,/task/29849/3/asset/Owl.mp3,0
4,1551894137397,06/03/2019 17:42:17,1551894136252,0,06/03/2019 17:42:16,6138,31,task-jgum,,2280373,5c655f01755ed200011bf205,621733,,complete,,5c80061b472e4e0012531f32,computer,Desktop or Laptop,Windows 10,Chrome 72.0.3626.119,1366x768,1366x657,after questionnairs,HeadphonesCheck,3,Low to High,after consent,after demographics,after training,after fishing,after questionnairs,1920.784999994794,/task/29849/3/asset/Goat.mp3,0
1,1551894146251,06/03/2019 17:42:26,1551894147521,-5,06/03/2019 12:42:27,6138,31,task-jgum,,2280375,5b245ce134ffd00001b41c00,621735,,complete,,5c80063ed88a5100169df6b7,computer,Desktop or Laptop,Windows 10,Chrome 72.0.3626.119,1536x864,1536x719,after questionnairs,HeadphonesCheck,3,Low to High,after consent,after demographics,after training,after fishing,after questionnairs,10208.160000038333,"<p style=""color: black; font-size: 28px; font-weight: bold;"">This is a sound check. Please turn on the sound on.</p>",
2,1551894153270,06/03/2019 17:42:33,1551894154607,-5,06/03/2019 12:42:34,6138,31,task-jgum,,2280375,5b245ce134ffd00001b41c00,621735,,complete,,5c80063ed88a5100169df6b7,computer,Desktop or Laptop,Windows 10,Chrome 72.0.3626.119,1536x864,1536x719,after questionnairs,HeadphonesCheck,3,Low to High,after consent,after demographics,after training,after fishing,after questionnairs,7080.5700000491925,/task/29849/3/asset/Dog.mp3,0
3,1551894154911,06/03/2019 17:42:34,1551894156252,-5,06/03/2019 12:42:36,6138,31,task-jgum,,2280375,5b245ce134ffd00001b41c00,621735,,complete,,5c80063ed88a5100169df6b7,computer,Desktop or Laptop,Windows 10,Chrome 72.0.3626.119,1536x864,1536x719,after questionnairs,HeadphonesCheck,3,Low to High,after consent,after demographics,after training,after fishing,after questionnairs,1641.6600000229664,/task/29849/3/asset/Owl.mp3,0
4,1551894156505,06/03/2019 17:42:36,1551894157847,-5,06/03/2019 12:42:37,6138,31,task-jgum,,2280375,5b245ce134ffd00001b41c00,621735,,complete,,5c80063ed88a5100169df6b7,computer,Desktop or Laptop,Windows 10,Chrome 72.0.3626.119,1536x864,1536x719,after questionnairs,HeadphonesCheck,3,Low to High,after consent,after demographics,after training,after fishing,after questionnairs,1590.8349999808706,/task/29849/3/asset/Goat.mp3,0
1,1551894218580,06/03/2019 17:43:38,1551894255666,0,06/03/2019 17:44:15,6138,31,task-jgum,,2280408,5c4486c38bb6fd000164157d,621734,,complete,,5c80063238b1eb00011e7fc4,computer,Desktop or Laptop,Windows 7,Chrome 72.0.3626.119,1920x1080,1257x811,after questionnairs,HeadphonesCheck,3,High to Low,after consent,after demographics,after training,after fishing,after questionnairs,6728.165000000445,"<p style=""color: black; font-size: 28px; font-weight: bold;"">This is a sound check. Please turn on the sound on.</p>",
2,1551894221528,06/03/2019 17:43:41,1551894258668,0,06/03/2019 17:44:18,6138,31,task-jgum,,2280408,5c4486c38bb6fd000164157d,621734,,complete,,5c80063238b1eb00011e7fc4,computer,Desktop or Laptop,Windows 7,Chrome 72.0.3626.119,1920x1080,1257x811,after questionnairs,HeadphonesCheck,3,High to Low,after consent,after demographics,after training,after fishing,after questionnairs,2998.4299999996438,/task/29849/3/asset/Dog.mp3,1
3,1551894223279,06/03/2019 17:43:43,1551894260436,0,06/03/2019 17:44:20,6138,31,task-jgum,,2280408,5c4486c38bb6fd000164157d,621734,,complete,,5c80063238b1eb00011e7fc4,computer,Desktop or Laptop,Windows 7,Chrome 72.0.3626.119,1920x1080,1257x811,after questionnairs,HeadphonesCheck,3,High to Low,after consent,after demographics,after training,after fishing,after questionnairs,1764.884999996866,/task/29849/3/asset/Owl.mp3,0
4,1551894224857,06/03/2019 17:43:44,1551894262036,0,06/03/2019 17:44:22,6138,31,task-jgum,,2280408,5c4486c38bb6fd000164157d,621734,,complete,,5c80063238b1eb00011e7fc4,computer,Desktop or Laptop,Windows 7,Chrome 72.0.3626.119,1920x1080,1257x811,after questionnairs,HeadphonesCheck,3,High to Low,after consent,after demographics,after training,after fishing,after questionnairs,1597.8000000031898,/task/29849/3/asset/Goat.mp3,0
1,1551894246514,06/03/2019 17:44:06,1551894244319,0,06/03/2019 17:44:04,6138,31,task-jgum,,2280419,5c66bbd0d0fb37000172fdfe,621738,,complete,,5c800653d8bd0900162bdb23,computer,Desktop or Laptop,Windows 10,Firefox 65.0,1824x1026,1824x890,after questionnairs,HeadphonesCheck,3,High to Low,after consent,after demographics,after training,after fishing,after questionnairs,2582,"<p style=""color: black; font-size: 28px; font-weight: bold;"">This is a sound check. Please turn on the sound on.</p>",
2,1551894250300,06/03/2019 17:44:10,1551894248134,0,06/03/2019 17:44:08,6138,31,task-jgum,,2280419,5c66bbd0d0fb37000172fdfe,621738,,complete,,5c800653d8bd0900162bdb23,computer,Desktop or Laptop,Windows 10,Firefox 65.0,1824x1026,1824x890,after questionnairs,HeadphonesCheck,3,High to Low,after consent,after demographics,after training,after fishing,after questionnairs,3809,/task/29849/3/asset/Dog.mp3,1
3,1551894252128,06/03/2019 17:44:12,1551894249982,0,06/03/2019 17:44:09,6138,31,task-jgum,,2280419,5c66bbd0d0fb37000172fdfe,621738,,complete,,5c800653d8bd0900162bdb23,computer,Desktop or Laptop,Windows 10,Firefox 65.0,1824x1026,1824x890,after questionnairs,HeadphonesCheck,3,High to Low,after consent,after demographics,after training,after fishing,after questionnairs,1846,/task/29849/3/asset/Owl.mp3,0
4,1551894253508,06/03/2019 17:44:13,1551894251366,0,06/03/2019 17:44:11,6138,31,task-jgum,,2280419,5c66bbd0d0fb37000172fdfe,621738,,complete,,5c800653d8bd0900162bdb23,computer,Desktop or Laptop,Windows 10,Firefox 65.0,1824x1026,1824x890,after questionnairs,HeadphonesCheck,3,High to Low,after consent,after demographics,after training,after fishing,after questionnairs,1381,/task/29849/3/asset/Goat.mp3,0
1,1551894419405,06/03/2019 17:46:59,1551894418460,0,06/03/2019 17:46:58,6138,31,task-jgum,,2280477,5c55a6daf0a1fe00017f4756,621749,,complete,,5c8007193585990001e18d14,computer,Desktop or Laptop,Windows 10,Firefox 65.0,1366x768,1366x693,after questionnairs,HeadphonesCheck,3,Low to High,after consent,after demographics,after training,after fishing,after questionnairs,5554,"<p style=""color: black; font-size: 28px; font-weight: bold;"">This is a sound check. Please turn on the sound on.</p>",
2,1551894424094,06/03/2019 17:47:04,1551894423197,0,06/03/2019 17:47:03,6138,31,task-jgum,,2280477,5c55a6daf0a1fe00017f4756,621749,,complete,,5c8007193585990001e18d14,computer,Desktop or Laptop,Windows 10,Firefox 65.0,1366x768,1366x693,after questionnairs,HeadphonesCheck,3,Low to High,after consent,after demographics,after training,after fishing,after questionnairs,4706,/task/29849/3/asset/Dog.mp3,1
3,1551894443913,06/03/2019 17:47:23,1551894443061,0,06/03/2019 17:47:23,6138,31,task-jgum,,2280477,5c55a6daf0a1fe00017f4756,621749,,complete,,5c8007193585990001e18d14,computer,Desktop or Laptop,Windows 10,Firefox 65.0,1366x768,1366x693,after questionnairs,HeadphonesCheck,3,Low to High,after consent,after demographics,after training,after fishing,after questionnairs,19856,/task/29849/3/asset/Owl.mp3,0
4,1551894445413,06/03/2019 17:47:25,1551894444571,0,06/03/2019 17:47:24,6138,31,task-jgum,,2280477,5c55a6daf0a1fe00017f4756,621749,,complete,,5c8007193585990001e18d14,computer,Desktop or Laptop,Windows 10,Firefox 65.0,1366x768,1366x693,after questionnairs,HeadphonesCheck,3,Low to High,after consent,after demographics,after training,after fishing,after questionnairs,1503,/task/29849/3/asset/Goat.mp3,0
1,1551894580682,06/03/2019 17:49:40,1551894580431,0,06/03/2019 17:49:40,6138,31,task-jgum,,2280524,5bdca092e27ddf0001185103,621753,,complete,,5c8007961f93070012f8acf1,computer,Desktop or Laptop,Windows 10,Chrome 72.0.3626.119,1366x768,1366x695,after questionnairs,HeadphonesCheck,3,Low to High,after consent,after demographics,after training,after fishing,after questionnairs,4843.070000002626,"<p style=""color: black; font-size: 28px; font-weight: bold;"">This is a sound check. Please turn on the sound on.</p>",
2,1551894584164,06/03/2019 17:49:44,1551894584132,0,06/03/2019 17:49:44,6138,31,task-jgum,,2280524,5bdca092e27ddf0001185103,621753,,complete,,5c8007961f93070012f8acf1,computer,Desktop or Laptop,Windows 10,Chrome 72.0.3626.119,1366x768,1366x695,after questionnairs,HeadphonesCheck,3,Low to High,after consent,after demographics,after training,after fishing,after questionnairs,3691.7300000204705,/task/29849/3/asset/Dog.mp3,1
3,1551894587634,06/03/2019 17:49:47,1551894587613,0,06/03/2019 17:49:47,6138,31,task-jgum,,2280524,5bdca092e27ddf0001185103,621753,,complete,,5c8007961f93070012f8acf1,computer,Desktop or Laptop,Windows 10,Chrome 72.0.3626.119,1366x768,1366x695,after questionnairs,HeadphonesCheck,3,Low to High,after consent,after demographics,after training,after fishing,after questionnairs,3476.624999952037,/task/29849/3/asset/Owl.mp3,0
4,1551894589571,06/03/2019 17:49:49,1551894589442,0,06/03/2019 17:49:49,6138,31,task-jgum,,2280524,5bdca092e27ddf0001185103,621753,,complete,,5c8007961f93070012f8acf1,computer,Desktop or Laptop,Windows 10,Chrome 72.0.3626.119,1366x768,1366x695,after questionnairs,HeadphonesCheck,3,Low to High,after consent,after demographics,after training,after fishing,after questionnairs,1823.6950000282377,/task/29849/3/asset/Goat.mp3,0
1,1551894669726,06/03/2019 17:51:09,1551894668515,0,06/03/2019 17:51:08,6138,31,task-jgum,,2280544,5c635ac08a8eed000143da6c,621762,,complete,,5c8008660fa63e00166305ba,computer,Desktop or Laptop,Windows 10,Chrome 72.0.3626.121,1920x1080,1920x979,after questionnairs,HeadphonesCheck,3,High to Low,after consent,after demographics,after training,after fishing,after questionnairs,2531.669999996666,"<p style=""color: black; font-size: 28px; font-weight: bold;"">This is a sound check. Please turn on the sound on.</p>",
2,1551894673383,06/03/2019 17:51:13,1551894672481,0,06/03/2019 17:51:12,6138,31,task-jgum,,2280544,5c635ac08a8eed000143da6c,621762,,complete,,5c8008660fa63e00166305ba,computer,Desktop or Laptop,Windows 10,Chrome 72.0.3626.121,1920x1080,1920x979,after questionnairs,HeadphonesCheck,3,High to Low,after consent,after demographics,after training,after fishing,after questionnairs,3962.120000000141,/task/29849/3/asset/Dog.mp3,1
3,1551894675825,06/03/2019 17:51:15,1551894674910,0,06/03/2019 17:51:14,6138,31,task-jgum,,2280544,5c635ac08a8eed000143da6c,621762,,complete,,5c8008660fa63e00166305ba,computer,Desktop or Laptop,Windows 10,Chrome 72.0.3626.121,1920x1080,1920x979,after questionnairs,HeadphonesCheck,3,High to Low,after consent,after demographics,after training,after fishing,after questionnairs,2426.770000001852,/task/29849/3/asset/Owl.mp3,0
4,1551894678356,06/03/2019 17:51:18,1551894677435,0,06/03/2019 17:51:17,6138,31,task-jgum,,2280544,5c635ac08a8eed000143da6c,621762,,complete,,5c8008660fa63e00166305ba,computer,Desktop or Laptop,Windows 10,Chrome 72.0.3626.121,1920x1080,1920x979,after questionnairs,HeadphonesCheck,3,High to Low,after consent,after demographics,after training,after fishing,after questionnairs,2521.9150000011723,/task/29849/3/asset/Goat.mp3,0
1,1551894697286,06/03/2019 17:51:37,1551894698451,0,06/03/2019 17:51:38,6138,31,task-jgum,,2280555,5c40dea5f374a90001622c8e,621759,,complete,,5c8007e316fe5f0001f841fb,computer,Desktop or Laptop,Windows 10,Chrome 72.0.3626.119,1366x768,1366x625,after questionnairs,HeadphonesCheck,3,Low to High,after consent,after demographics,after training,after fishing,after questionnairs,5608.155000023544,"<p style=""color: black; font-size: 28px; font-weight: bold;"">This is a sound check. Please turn on the sound on.</p>",
2,1551894700283,06/03/2019 17:51:40,1551894701501,0,06/03/2019 17:51:41,6138,31,task-jgum,,2280555,5c40dea5f374a90001622c8e,621759,,complete,,5c8007e316fe5f0001f841fb,computer,Desktop or Laptop,Windows 10,Chrome 72.0.3626.119,1366x768,1366x625,after questionnairs,HeadphonesCheck,3,Low to High,after consent,after demographics,after training,after fishing,after questionnairs,3045.2599999844097,/task/29849/3/asset/Dog.mp3,1
3,1551894703094,06/03/2019 17:51:43,1551894704333,0,06/03/2019 17:51:44,6138,31,task-jgum,,2280555,5c40dea5f374a90001622c8e,621759,,complete,,5c8007e316fe5f0001f841fb,computer,Desktop or Laptop,Windows 10,Chrome 72.0.3626.119,1366x768,1366x625,after questionnairs,HeadphonesCheck,3,Low to High,after consent,after demographics,after training,after fishing,after questionnairs,2828.57499999227,/task/29849/3/asset/Owl.mp3,0
4,1551894705141,06/03/2019 17:51:45,1551894706392,0,06/03/2019 17:51:46,6138,31,task-jgum,,2280555,5c40dea5f374a90001622c8e,621759,,complete,,5c8007e316fe5f0001f841fb,computer,Desktop or Laptop,Windows 10,Chrome 72.0.3626.119,1366x768,1366x625,after questionnairs,HeadphonesCheck,3,Low to High,after consent,after demographics,after training,after fishing,after questionnairs,2056.7299999529496,/task/29849/3/asset/Goat.mp3,0
1,1551894726070,06/03/2019 17:52:06,1551894724707,0,06/03/2019 17:52:04,6138,31,task-jgum,,2280570,5c59f7cb4eea0b00017c9317,621761,,complete,,5c80084ebaf0670015b60800,computer,Desktop or Laptop,Windows 10,Edge 17.17134,1366x768,1366x651,after questionnairs,HeadphonesCheck,3,Low to High,after consent,after demographics,after training,after fishing,after questionnairs,11613.900238159527,"<p style=""color: black; font-size: 28px; font-weight: bold;"">This is a sound check. Please turn on the sound on.</p>",
2,1551894731023,06/03/2019 17:52:11,1551894729708,0,06/03/2019 17:52:09,6138,31,task-jgum,,2280570,5c59f7cb4eea0b00017c9317,621761,,complete,,5c80084ebaf0670015b60800,computer,Desktop or Laptop,Windows 10,Edge 17.17134,1366x768,1366x651,after questionnairs,HeadphonesCheck,3,Low to High,after consent,after demographics,after training,after fishing,after questionnairs,4943.200111669277,/task/29849/3/asset/Dog.mp3,1
3,1551894733455,06/03/2019 17:52:13,1551894732155,0,06/03/2019 17:52:12,6138,31,task-jgum,,2280570,5c59f7cb4eea0b00017c9317,621761,,complete,,5c80084ebaf0670015b60800,computer,Desktop or Laptop,Windows 10,Edge 17.17134,1366x768,1366x651,after questionnairs,HeadphonesCheck,3,Low to High,after consent,after demographics,after training,after fishing,after questionnairs,2443.4000600384024,/task/29849/3/asset/Owl.mp3,0
4,1551894735650,06/03/2019 17:52:15,1551894734346,0,06/03/2019 17:52:14,6138,31,task-jgum,,2280570,5c59f7cb4eea0b00017c9317,621761,,complete,,5c80084ebaf0670015b60800,computer,Desktop or Laptop,Windows 10,Edge 17.17134,1366x768,1366x651,after questionnairs,HeadphonesCheck,3,Low to High,after consent,after demographics,after training,after fishing,after questionnairs,2188.8000349235954,/task/29849/3/asset/Goat.mp3,0
1,1551894809435,06/03/2019 17:53:29,1551894809279,0,06/03/2019 17:53:29,6138,31,task-jgum,,2280597,5c658b1c2ff6e000018bfa94,621770,,complete,,5c8008882d63590016fd7a65,computer,Desktop or Laptop,Mac OS 10.12.6,Safari 12.0.1,1440x900,1440x837,after questionnairs,HeadphonesCheck,3,High to Low,after consent,after demographics,after training,after fishing,after questionnairs,5275,"<p style=""color: black; font-size: 28px; font-weight: bold;"">This is a sound check. Please turn on the sound on.</p>",
2,1551894813103,06/03/2019 17:53:33,1551894812983,0,06/03/2019 17:53:32,6138,31,task-jgum,,2280597,5c658b1c2ff6e000018bfa94,621770,,complete,,5c8008882d63590016fd7a65,computer,Desktop or Laptop,Mac OS 10.12.6,Safari 12.0.1,1440x900,1440x837,after questionnairs,HeadphonesCheck,3,High to Low,after consent,after demographics,after training,after fishing,after questionnairs,3690,/task/29849/3/asset/Dog.mp3,1
3,1551894814918,06/03/2019 17:53:34,1551894814865,0,06/03/2019 17:53:34,6138,31,task-jgum,,2280597,5c658b1c2ff6e000018bfa94,621770,,complete,,5c8008882d63590016fd7a65,computer,Desktop or Laptop,Mac OS 10.12.6,Safari 12.0.1,1440x900,1440x837,after questionnairs,HeadphonesCheck,3,High to Low,after consent,after demographics,after training,after fishing,after questionnairs,1879,/task/29849/3/asset/Owl.mp3,0
4,1551894816282,06/03/2019 17:53:36,1551894816244,0,06/03/2019 17:53:36,6138,31,task-jgum,,2280597,5c658b1c2ff6e000018bfa94,621770,,complete,,5c8008882d63590016fd7a65,computer,Desktop or Laptop,Mac OS 10.12.6,Safari 12.0.1,1440x900,1440x837,after questionnairs,HeadphonesCheck,3,High to Low,after consent,after demographics,after training,after fishing,after questionnairs,1378,/task/29849/3/asset/Goat.mp3,0
1,1551894925801,06/03/2019 17:55:25,1551894925694,0,06/03/2019 17:55:25,6138,31,task-jgum,,2280633,5c6c53f1c3aa150001144ea6,621775,,complete,,5c800946b9f2040016ae31fa,computer,Desktop or Laptop,Mac OS 10.13.6,Chrome 72.0.3626.119,1280x800,1280x597,after questionnairs,HeadphonesCheck,3,High to Low,after consent,after demographics,after training,after fishing,after questionnairs,3851.5149999875575,"<p style=""color: black; font-size: 28px; font-weight: bold;"">This is a sound check. Please turn on the sound on.</p>",
2,1551894928428,06/03/2019 17:55:28,1551894928382,0,06/03/2019 17:55:28,6138,31,task-jgum,,2280633,5c6c53f1c3aa150001144ea6,621775,,complete,,5c800946b9f2040016ae31fa,computer,Desktop or Laptop,Mac OS 10.13.6,Chrome 72.0.3626.119,1280x800,1280x597,after questionnairs,HeadphonesCheck,3,High to Low,after consent,after demographics,after training,after fishing,after questionnairs,2680.1850000047125,/task/29849/3/asset/Dog.mp3,1
3,1551894931932,06/03/2019 17:55:31,1551894931885,0,06/03/2019 17:55:31,6138,31,task-jgum,,2280633,5c6c53f1c3aa150001144ea6,621775,,complete,,5c800946b9f2040016ae31fa,computer,Desktop or Laptop,Mac OS 10.13.6,Chrome 72.0.3626.119,1280x800,1280x597,after questionnairs,HeadphonesCheck,3,High to Low,after consent,after demographics,after training,after fishing,after questionnairs,3498.7750000000233,/task/29849/3/asset/Owl.mp3,0
4,1551894933126,06/03/2019 17:55:33,1551894933037,0,06/03/2019 17:55:33,6138,31,task-jgum,,2280633,5c6c53f1c3aa150001144ea6,621775,,complete,,5c800946b9f2040016ae31fa,computer,Desktop or Laptop,Mac OS 10.13.6,Chrome 72.0.3626.119,1280x800,1280x597,after questionnairs,HeadphonesCheck,3,High to Low,after consent,after demographics,after training,after fishing,after questionnairs,1147.660000002361,/task/29849/3/asset/Goat.mp3,0
1,1551894939768,06/03/2019 17:55:39,1551894937133,0,06/03/2019 17:55:37,6138,31,task-jgum,,2280639,5bfae63246911f0001d7d3f8,621772,,complete,,5c80092d4bb4bc0001ea3e6e,computer,Desktop or Laptop,Windows 10,Chrome 72.0.3626.121,1280x720,1280x610,after questionnairs,HeadphonesCheck,3,Low to High,after consent,after demographics,after training,after fishing,after questionnairs,3880.0900001078844,"<p style=""color: black; font-size: 28px; font-weight: bold;"">This is a sound check. Please turn on the sound on.</p>",
2,1551894942724,06/03/2019 17:55:42,1551894940158,0,06/03/2019 17:55:40,6138,31,task-jgum,,2280639,5bfae63246911f0001d7d3f8,621772,,complete,,5c80092d4bb4bc0001ea3e6e,computer,Desktop or Laptop,Windows 10,Chrome 72.0.3626.121,1280x720,1280x610,after questionnairs,HeadphonesCheck,3,Low to High,after consent,after demographics,after training,after fishing,after questionnairs,3013.7650000397116,/task/29849/3/asset/Dog.mp3,1
3,1551894945082,06/03/2019 17:55:45,1551894942504,0,06/03/2019 17:55:42,6138,31,task-jgum,,2280639,5bfae63246911f0001d7d3f8,621772,,complete,,5c80092d4bb4bc0001ea3e6e,computer,Desktop or Laptop,Windows 10,Chrome 72.0.3626.121,1280x720,1280x610,after questionnairs,HeadphonesCheck,3,Low to High,after consent,after demographics,after training,after fishing,after questionnairs,2338.5999999009073,/task/29849/3/asset/Owl.mp3,0
4,1551894946801,06/03/2019 17:55:46,1551894944237,0,06/03/2019 17:55:44,6138,31,task-jgum,,2280639,5bfae63246911f0001d7d3f8,621772,,complete,,5c80092d4bb4bc0001ea3e6e,computer,Desktop or Laptop,Windows 10,Chrome 72.0.3626.121,1280x720,1280x610,after questionnairs,HeadphonesCheck,3,Low to High,after consent,after demographics,after training,after fishing,after questionnairs,1724.2850000038743,/task/29849/3/asset/Goat.mp3,0
1,1551894999704,06/03/2019 17:56:39,1551894994020,0,06/03/2019 17:56:34,6138,31,task-jgum,,2280660,5bd9957a7351b50001b2c9ba,621774,,complete,,5c80092e78e54b0001d3e658,computer,Desktop or Laptop,Windows 8.1,Chrome 72.0.3626.121,1366x768,1366x625,after questionnairs,HeadphonesCheck,3,High to Low,after consent,after demographics,after training,after fishing,after questionnairs,9534.655000000384,"<p style=""color: black; font-size: 28px; font-weight: bold;"">This is a sound check. Please turn on the sound on.</p>",
2,1551895003877,06/03/2019 17:56:43,1551894998231,0,06/03/2019 17:56:38,6138,31,task-jgum,,2280660,5bd9957a7351b50001b2c9ba,621774,,complete,,5c80092e78e54b0001d3e658,computer,Desktop or Laptop,Windows 8.1,Chrome 72.0.3626.121,1366x768,1366x625,after questionnairs,HeadphonesCheck,3,High to Low,after consent,after demographics,after training,after fishing,after questionnairs,4198.3399999999165,/task/29849/3/asset/Dog.mp3,1
3,1551895006094,06/03/2019 17:56:46,1551895000347,0,06/03/2019 17:56:40,6138,31,task-jgum,,2280660,5bd9957a7351b50001b2c9ba,621774,,complete,,5c80092e78e54b0001d3e658,computer,Desktop or Laptop,Windows 8.1,Chrome 72.0.3626.121,1366x768,1366x625,after questionnairs,HeadphonesCheck,3,High to Low,after consent,after demographics,after training,after fishing,after questionnairs,2106.369999999515,/task/29849/3/asset/Owl.mp3,0
4,1551895008765,06/03/2019 17:56:48,1551895002881,0,06/03/2019 17:56:42,6138,31,task-jgum,,2280660,5bd9957a7351b50001b2c9ba,621774,,complete,,5c80092e78e54b0001d3e658,computer,Desktop or Laptop,Windows 8.1,Chrome 72.0.3626.121,1366x768,1366x625,after questionnairs,HeadphonesCheck,3,High to Low,after consent,after demographics,after training,after fishing,after questionnairs,2525.930000000699,/task/29849/3/asset/Goat.mp3,0
1,1551895102310,06/03/2019 17:58:22,1551895102172,0,06/03/2019 17:58:22,6138,31,task-jgum,,2280698,5c1246ea72a5f1000117134b,621785,,complete,,5c800a037a96cf0017545b2a,computer,Desktop or Laptop,Mac OS 10.14.3,Chrome 72.0.3626.119,1280x800,1280x721,after questionnairs,HeadphonesCheck,3,Low to High,after consent,after demographics,after training,after fishing,after questionnairs,3090.5599999969127,"<p style=""color: black; font-size: 28px; font-weight: bold;"">This is a sound check. Please turn on the sound on.</p>",
2,1551895104733,06/03/2019 17:58:24,1551895104641,0,06/03/2019 17:58:24,6138,31,task-jgum,,2280698,5c1246ea72a5f1000117134b,621785,,complete,,5c800a037a96cf0017545b2a,computer,Desktop or Laptop,Mac OS 10.14.3,Chrome 72.0.3626.119,1280x800,1280x721,after questionnairs,HeadphonesCheck,3,Low to High,after consent,after demographics,after training,after fishing,after questionnairs,2464.5200000013574,/task/29849/3/asset/Dog.mp3,1
3,1551895106466,06/03/2019 17:58:26,1551895106380,0,06/03/2019 17:58:26,6138,31,task-jgum,,2280698,5c1246ea72a5f1000117134b,621785,,complete,,5c800a037a96cf0017545b2a,computer,Desktop or Laptop,Mac OS 10.14.3,Chrome 72.0.3626.119,1280x800,1280x721,after questionnairs,HeadphonesCheck,3,Low to High,after consent,after demographics,after training,after fishing,after questionnairs,1735.4649999979301,/task/29849/3/asset/Owl.mp3,0
4,1551895108078,06/03/2019 17:58:28,1551895107933,0,06/03/2019 17:58:27,6138,31,task-jgum,,2280698,5c1246ea72a5f1000117134b,621785,,complete,,5c800a037a96cf0017545b2a,computer,Desktop or Laptop,Mac OS 10.14.3,Chrome 72.0.3626.119,1280x800,1280x721,after questionnairs,HeadphonesCheck,3,Low to High,after consent,after demographics,after training,after fishing,after questionnairs,1549.4200000030105,/task/29849/3/asset/Goat.mp3,0
1,1551895194592,06/03/2019 17:59:54,1551895197337,0,06/03/2019 17:59:57,6138,31,task-jgum,,2280727,5c1f89a010140800013f7ced,621789,,complete,,5c800a14e960aa00169603c7,computer,Desktop or Laptop,Windows 10,Chrome 72.0.3626.119,1366x768,1366x657,after questionnairs,HeadphonesCheck,3,High to Low,after consent,after demographics,after training,after fishing,after questionnairs,5708.0349999596365,"<p style=""color: black; font-size: 28px; font-weight: bold;"">This is a sound check. Please turn on the sound on.</p>",
2,1551895198718,06/03/2019 17:59:58,1551895201476,0,06/03/2019 18:00:01,6138,31,task-jgum,,2280727,5c1f89a010140800013f7ced,621789,,complete,,5c800a14e960aa00169603c7,computer,Desktop or Laptop,Windows 10,Chrome 72.0.3626.119,1366x768,1366x657,after questionnairs,HeadphonesCheck,3,High to Low,after consent,after demographics,after training,after fishing,after questionnairs,4121.479999972507,/task/29849/3/asset/Dog.mp3,1
3,1551895205155,06/03/2019 18:00:05,1551895207919,0,06/03/2019 18:00:07,6138,31,task-jgum,,2280727,5c1f89a010140800013f7ced,621789,,complete,,5c800a14e960aa00169603c7,computer,Desktop or Laptop,Windows 10,Chrome 72.0.3626.119,1366x768,1366x657,after questionnairs,HeadphonesCheck,3,High to Low,after consent,after demographics,after training,after fishing,after questionnairs,6433.250000001863,/task/29849/3/asset/Owl.mp3,0
4,1551895209093,06/03/2019 18:00:09,1551895211896,0,06/03/2019 18:00:11,6138,31,task-jgum,,2280727,5c1f89a010140800013f7ced,621789,,complete,,5c800a14e960aa00169603c7,computer,Desktop or Laptop,Windows 10,Chrome 72.0.3626.119,1366x768,1366x657,after questionnairs,HeadphonesCheck,3,High to Low,after consent,after demographics,after training,after fishing,after questionnairs,3965.555000002496,/task/29849/3/asset/Goat.mp3,0
1,1552053145146,08/03/2019 13:52:25,1552053146737,0,08/03/2019 13:52:26,6138,31,task-jgum,,2292347,5c3c6cb05060420001790d3f,625389,,complete,,5c827344eb5f5c0012e2ec5d,computer,Desktop or Laptop,Windows 10,Edge 17.17134,1366x768,1366x619,after questionnairs,HeadphonesCheck,3,Low to High,after consent,after demographics,after training,after fishing,after questionnairs,8016.900259455889,"<p style=""color: black; font-size: 28px; font-weight: bold;"">This is a sound check. Please turn on the sound on.</p>",
2,1552053151243,08/03/2019 13:52:31,1552053152960,0,08/03/2019 13:52:32,6138,31,task-jgum,,2292347,5c3c6cb05060420001790d3f,625389,,complete,,5c827344eb5f5c0012e2ec5d,computer,Desktop or Laptop,Windows 10,Edge 17.17134,1366x768,1366x619,after questionnairs,HeadphonesCheck,3,Low to High,after consent,after demographics,after training,after fishing,after questionnairs,5632.899996629336,/task/29849/3/asset/Dog.mp3,1
3,1552053153881,08/03/2019 13:52:33,1552053155621,0,08/03/2019 13:52:35,6138,31,task-jgum,,2292347,5c3c6cb05060420001790d3f,625389,,complete,,5c827344eb5f5c0012e2ec5d,computer,Desktop or Laptop,Windows 10,Edge 17.17134,1366x768,1366x619,after questionnairs,HeadphonesCheck,3,Low to High,after consent,after demographics,after training,after fishing,after questionnairs,2657.000253013226,/task/29849/3/asset/Owl.mp3,0
4,1552053156479,08/03/2019 13:52:36,1552053158220,0,08/03/2019 13:52:38,6138,31,task-jgum,,2292347,5c3c6cb05060420001790d3f,625389,,complete,,5c827344eb5f5c0012e2ec5d,computer,Desktop or Laptop,Windows 10,Edge 17.17134,1366x768,1366x619,after questionnairs,HeadphonesCheck,3,Low to High,after consent,after demographics,after training,after fishing,after questionnairs,2595.9003324158584,/task/29849/3/asset/Goat.mp3,0
1,1552053179048,08/03/2019 13:52:59,1552053178835,0,08/03/2019 13:52:58,6138,31,task-jgum,,2292354,5bf033df5fc1db00013051a0,625386,,complete,,5c82733554effd0001d7194a,computer,Desktop or Laptop,Windows 10,Chrome 72.0.3626.121,1536x864,1536x754,after questionnairs,HeadphonesCheck,3,High to Low,after consent,after demographics,after training,after fishing,after questionnairs,5756.48999994155,"<p style=""color: black; font-size: 28px; font-weight: bold;"">This is a sound check. Please turn on the sound on.</p>",
2,1552053182703,08/03/2019 13:53:02,1552053182585,0,08/03/2019 13:53:02,6138,31,task-jgum,,2292354,5bf033df5fc1db00013051a0,625386,,complete,,5c82733554effd0001d7194a,computer,Desktop or Laptop,Windows 10,Chrome 72.0.3626.121,1536x864,1536x754,after questionnairs,HeadphonesCheck,3,High to Low,after consent,after demographics,after training,after fishing,after questionnairs,3741.494999965653,/task/29849/3/asset/Dog.mp3,1
3,1552053184982,08/03/2019 13:53:04,1552053184882,0,08/03/2019 13:53:04,6138,31,task-jgum,,2292354,5bf033df5fc1db00013051a0,625386,,complete,,5c82733554effd0001d7194a,computer,Desktop or Laptop,Windows 10,Chrome 72.0.3626.121,1536x864,1536x754,after questionnairs,HeadphonesCheck,3,High to Low,after consent,after demographics,after training,after fishing,after questionnairs,2293.7450000317767,/task/29849/3/asset/Owl.mp3,0
4,1552053186513,08/03/2019 13:53:06,1552053186379,0,08/03/2019 13:53:06,6138,31,task-jgum,,2292354,5bf033df5fc1db00013051a0,625386,,complete,,5c82733554effd0001d7194a,computer,Desktop or Laptop,Windows 10,Chrome 72.0.3626.121,1536x864,1536x754,after questionnairs,HeadphonesCheck,3,High to Low,after consent,after demographics,after training,after fishing,after questionnairs,1492.924999911338,/task/29849/3/asset/Goat.mp3,0
1,1552053230995,08/03/2019 13:53:50,1552053230731,0,08/03/2019 13:53:50,6138,31,task-jgum,,2292361,5c65e63b67057200011abaa4,625385,,complete,,5c82731c8c0d01001758fdcf,computer,Desktop or Laptop,Windows 10,Chrome 72.0.3626.119,1707x960,1897x945,after questionnairs,HeadphonesCheck,3,Low to High,after consent,after demographics,after training,after fishing,after questionnairs,14568.17500013858,"<p style=""color: black; font-size: 28px; font-weight: bold;"">This is a sound check. Please turn on the sound on.</p>",
2,1552053247944,08/03/2019 13:54:07,1552053247726,0,08/03/2019 13:54:07,6138,31,task-jgum,,2292361,5c65e63b67057200011abaa4,625385,,complete,,5c82731c8c0d01001758fdcf,computer,Desktop or Laptop,Windows 10,Chrome 72.0.3626.119,1707x960,1897x945,after questionnairs,HeadphonesCheck,3,Low to High,after consent,after demographics,after training,after fishing,after questionnairs,16989.509999984875,/task/29849/3/asset/Dog.mp3,1
3,1552053252251,08/03/2019 13:54:12,1552053251835,0,08/03/2019 13:54:11,6138,31,task-jgum,,2292361,5c65e63b67057200011abaa4,625385,,complete,,5c82731c8c0d01001758fdcf,computer,Desktop or Laptop,Windows 10,Chrome 72.0.3626.119,1707x960,1897x945,after questionnairs,HeadphonesCheck,3,Low to High,after consent,after demographics,after training,after fishing,after questionnairs,4105.660000117496,/task/29849/3/asset/Owl.mp3,0
4,1552053253980,08/03/2019 13:54:13,1552053253769,0,08/03/2019 13:54:13,6138,31,task-jgum,,2292361,5c65e63b67057200011abaa4,625385,,complete,,5c82731c8c0d01001758fdcf,computer,Desktop or Laptop,Windows 10,Chrome 72.0.3626.119,1707x960,1897x945,after questionnairs,HeadphonesCheck,3,Low to High,after consent,after demographics,after training,after fishing,after questionnairs,1928.5099999979138,/task/29849/3/asset/Goat.mp3,0
1,1552053321634,08/03/2019 13:55:21,1552053321543,0,08/03/2019 13:55:21,6138,31,task-jgum,,2292383,5bfee33dce8e790001551d25,625394,,complete,,5c8273be810e890001e722fd,computer,Desktop or Laptop,Mac OS 10.14.3,Safari 12.0.3,1280x800,1280x737,after questionnairs,HeadphonesCheck,3,High to Low,after consent,after demographics,after training,after fishing,after questionnairs,6097.000000000001,"<p style=""color: black; font-size: 28px; font-weight: bold;"">This is a sound check. Please turn on the sound on.</p>",
2,1552053324590,08/03/2019 13:55:24,1552053324554,0,08/03/2019 13:55:24,6138,31,task-jgum,,2292383,5bfee33dce8e790001551d25,625394,,complete,,5c8273be810e890001e722fd,computer,Desktop or Laptop,Mac OS 10.14.3,Safari 12.0.3,1280x800,1280x737,after questionnairs,HeadphonesCheck,3,High to Low,after consent,after demographics,after training,after fishing,after questionnairs,2985,/task/29849/3/asset/Dog.mp3,1
3,1552053326337,08/03/2019 13:55:26,1552053326296,0,08/03/2019 13:55:26,6138,31,task-jgum,,2292383,5bfee33dce8e790001551d25,625394,,complete,,5c8273be810e890001e722fd,computer,Desktop or Laptop,Mac OS 10.14.3,Safari 12.0.3,1280x800,1280x737,after questionnairs,HeadphonesCheck,3,High to Low,after consent,after demographics,after training,after fishing,after questionnairs,1738.0000000000018,/task/29849/3/asset/Owl.mp3,0
4,1552053328194,08/03/2019 13:55:28,1552053328159,0,08/03/2019 13:55:28,6138,31,task-jgum,,2292383,5bfee33dce8e790001551d25,625394,,complete,,5c8273be810e890001e722fd,computer,Desktop or Laptop,Mac OS 10.14.3,Safari 12.0.3,1280x800,1280x737,after questionnairs,HeadphonesCheck,3,High to Low,after consent,after demographics,after training,after fishing,after questionnairs,1859,/task/29849/3/asset/Goat.mp3,0
1,1552053333409,08/03/2019 13:55:33,1552053334429,0,08/03/2019 13:55:34,6138,31,task-jgum,,2292389,5c75779b280f660019d7ca5f,625392,,complete,,5c82738bd2c07e0017f53292,computer,Desktop or Laptop,Windows 8,Chrome 72.0.3626.121,1344x840,1344x699,after questionnairs,HeadphonesCheck,3,Low to High,after consent,after demographics,after training,after fishing,after questionnairs,3190.0150000001304,"<p style=""color: black; font-size: 28px; font-weight: bold;"">This is a sound check. Please turn on the sound on.</p>",
2,1552053338819,08/03/2019 13:55:38,1552053339883,0,08/03/2019 13:55:39,6138,31,task-jgum,,2292389,5c75779b280f660019d7ca5f,625392,,complete,,5c82738bd2c07e0017f53292,computer,Desktop or Laptop,Windows 8,Chrome 72.0.3626.121,1344x840,1344x699,after questionnairs,HeadphonesCheck,3,Low to High,after consent,after demographics,after training,after fishing,after questionnairs,5447.229999990668,/task/29849/3/asset/Dog.mp3,1
3,1552053340455,08/03/2019 13:55:40,1552053341554,0,08/03/2019 13:55:41,6138,31,task-jgum,,2292389,5c75779b280f660019d7ca5f,625392,,complete,,5c82738bd2c07e0017f53292,computer,Desktop or Laptop,Windows 8,Chrome 72.0.3626.121,1344x840,1344x699,after questionnairs,HeadphonesCheck,3,Low to High,after consent,after demographics,after training,after fishing,after questionnairs,1668.1450000032783,/task/29849/3/asset/Owl.mp3,0
4,1552053342189,08/03/2019 13:55:42,1552053343241,0,08/03/2019 13:55:43,6138,31,task-jgum,,2292389,5c75779b280f660019d7ca5f,625392,,complete,,5c82738bd2c07e0017f53292,computer,Desktop or Laptop,Windows 8,Chrome 72.0.3626.121,1344x840,1344x699,after questionnairs,HeadphonesCheck,3,Low to High,after consent,after demographics,after training,after fishing,after questionnairs,1685.2849999559112,/task/29849/3/asset/Goat.mp3,0
1,1552053382264,08/03/2019 13:56:22,1552053385543,-6,08/03/2019 07:56:25,6138,31,task-jgum,,2292395,5bd4869946e2010001a10827,625395,,complete,,5c8273d00322a90014b24dcd,computer,Desktop or Laptop,Windows 10,Chrome 72.0.3626.121,1920x1080,1920x969,after questionnairs,HeadphonesCheck,3,High to Low,after consent,after demographics,after training,after fishing,after questionnairs,22909.819999942556,"<p style=""color: black; font-size: 28px; font-weight: bold;"">This is a sound check. Please turn on the sound on.</p>",
2,1552053390791,08/03/2019 13:56:30,1552053393973,-6,08/03/2019 07:56:33,6138,31,task-jgum,,2292395,5bd4869946e2010001a10827,625395,,complete,,5c8273d00322a90014b24dcd,computer,Desktop or Laptop,Windows 10,Chrome 72.0.3626.121,1920x1080,1920x969,after questionnairs,HeadphonesCheck,3,High to Low,after consent,after demographics,after training,after fishing,after questionnairs,8418.575000017881,/task/29849/3/asset/Dog.mp3,1
3,1552053392742,08/03/2019 13:56:32,1552053396018,-6,08/03/2019 07:56:36,6138,31,task-jgum,,2292395,5bd4869946e2010001a10827,625395,,complete,,5c8273d00322a90014b24dcd,computer,Desktop or Laptop,Windows 10,Chrome 72.0.3626.121,1920x1080,1920x969,after questionnairs,HeadphonesCheck,3,High to Low,after consent,after demographics,after training,after fishing,after questionnairs,2037.6150000374764,/task/29849/3/asset/Owl.mp3,0
4,1552053394602,08/03/2019 13:56:34,1552053397913,-6,08/03/2019 07:56:37,6138,31,task-jgum,,2292395,5bd4869946e2010001a10827,625395,,complete,,5c8273d00322a90014b24dcd,computer,Desktop or Laptop,Windows 10,Chrome 72.0.3626.121,1920x1080,1920x969,after questionnairs,HeadphonesCheck,3,High to Low,after consent,after demographics,after training,after fishing,after questionnairs,1884.7199999727309,/task/29849/3/asset/Goat.mp3,0
1,1552053366009,08/03/2019 13:56:06,1552053366675,0,08/03/2019 13:56:06,6138,31,task-jgum,,2292397,5c3bb90ebfed770001109912,625404,,complete,,5c8273a742ff490016c7dd3b,computer,Desktop or Laptop,Windows 10,Chrome 72.0.3626.121,1280x720,1280x610,after questionnairs,HeadphonesCheck,3,Low to High,after consent,after demographics,after training,after fishing,after questionnairs,5509.030000073835,"<p style=""color: black; font-size: 28px; font-weight: bold;"">This is a sound check. Please turn on the sound on.</p>",
2,1552053369153,08/03/2019 13:56:09,1552053369855,0,08/03/2019 13:56:09,6138,31,task-jgum,,2292397,5c3bb90ebfed770001109912,625404,,complete,,5c8273a742ff490016c7dd3b,computer,Desktop or Laptop,Windows 10,Chrome 72.0.3626.121,1280x720,1280x610,after questionnairs,HeadphonesCheck,3,Low to High,after consent,after demographics,after training,after fishing,after questionnairs,3168.2349999900907,/task/29849/3/asset/Dog.mp3,1
3,1552053371989,08/03/2019 13:56:11,1552053372725,0,08/03/2019 13:56:12,6138,31,task-jgum,,2292397,5c3bb90ebfed770001109912,625404,,complete,,5c8273a742ff490016c7dd3b,computer,Desktop or Laptop,Windows 10,Chrome 72.0.3626.121,1280x720,1280x610,after questionnairs,HeadphonesCheck,3,Low to High,after consent,after demographics,after training,after fishing,after questionnairs,2861.8749999441206,/task/29849/3/asset/Owl.mp3,0
4,1552053374011,08/03/2019 13:56:14,1552053374713,0,08/03/2019 13:56:14,6138,31,task-jgum,,2292397,5c3bb90ebfed770001109912,625404,,complete,,5c8273a742ff490016c7dd3b,computer,Desktop or Laptop,Windows 10,Chrome 72.0.3626.121,1280x720,1280x610,after questionnairs,HeadphonesCheck,3,Low to High,after consent,after demographics,after training,after fishing,after questionnairs,1981.3549999380484,/task/29849/3/asset/Goat.mp3,0
1,1552053375309,08/03/2019 13:56:15,1552053344683,0,08/03/2019 13:55:44,6138,31,task-jgum,,2292398,5ab5509cf69e940001d8d954,625403,,complete,,5c82741e24efd80001b93dfa,computer,Desktop or Laptop,Windows 7,Firefox 65.0,1366x768,1366x654,after questionnairs,HeadphonesCheck,3,High to Low,after consent,after demographics,after training,after fishing,after questionnairs,7464,"<p style=""color: black; font-size: 28px; font-weight: bold;"">This is a sound check. Please turn on the sound on.</p>",
2,1552053379310,08/03/2019 13:56:19,1552053348785,0,08/03/2019 13:55:48,6138,31,task-jgum,,2292398,5ab5509cf69e940001d8d954,625403,,complete,,5c82741e24efd80001b93dfa,computer,Desktop or Laptop,Windows 7,Firefox 65.0,1366x768,1366x654,after questionnairs,HeadphonesCheck,3,High to Low,after consent,after demographics,after training,after fishing,after questionnairs,4089,/task/29849/3/asset/Dog.mp3,1
3,1552053382607,08/03/2019 13:56:22,1552053352083,0,08/03/2019 13:55:52,6138,31,task-jgum,,2292398,5ab5509cf69e940001d8d954,625403,,complete,,5c82741e24efd80001b93dfa,computer,Desktop or Laptop,Windows 7,Firefox 65.0,1366x768,1366x654,after questionnairs,HeadphonesCheck,3,High to Low,after consent,after demographics,after training,after fishing,after questionnairs,3286,/task/29849/3/asset/Owl.mp3,0
4,1552053384477,08/03/2019 13:56:24,1552053353883,0,08/03/2019 13:55:53,6138,31,task-jgum,,2292398,5ab5509cf69e940001d8d954,625403,,complete,,5c82741e24efd80001b93dfa,computer,Desktop or Laptop,Windows 7,Firefox 65.0,1366x768,1366x654,after questionnairs,HeadphonesCheck,3,High to Low,after consent,after demographics,after training,after fishing,after questionnairs,1780,/task/29849/3/asset/Goat.mp3,0
1,1552053369591,08/03/2019 13:56:09,1552053369503,0,08/03/2019 13:56:09,6138,31,task-jgum,,2292399,5c3f31385c5fcf00015801cf,625406,,complete,,5c82742d35584100010cf47c,computer,Desktop or Laptop,Mac OS 10.10.5,Chrome 72.0.3626.121,1280x800,1108x569,after questionnairs,HeadphonesCheck,3,High to Low,after consent,after demographics,after training,after fishing,after questionnairs,2806.0499999992317,"<p style=""color: black; font-size: 28px; font-weight: bold;"">This is a sound check. Please turn on the sound on.</p>",
2,1552053372442,08/03/2019 13:56:12,1552053372397,0,08/03/2019 13:56:12,6138,31,task-jgum,,2292399,5c3f31385c5fcf00015801cf,625406,,complete,,5c82742d35584100010cf47c,computer,Desktop or Laptop,Mac OS 10.10.5,Chrome 72.0.3626.121,1280x800,1108x569,after questionnairs,HeadphonesCheck,3,High to Low,after consent,after demographics,after training,after fishing,after questionnairs,2889.4799999980023,/task/29849/3/asset/Dog.mp3,0
3,1552053373715,08/03/2019 13:56:13,1552053373659,0,08/03/2019 13:56:13,6138,31,task-jgum,,2292399,5c3f31385c5fcf00015801cf,625406,,complete,,5c82742d35584100010cf47c,computer,Desktop or Laptop,Mac OS 10.10.5,Chrome 72.0.3626.121,1280x800,1108x569,after questionnairs,HeadphonesCheck,3,High to Low,after consent,after demographics,after training,after fishing,after questionnairs,1258.894999999029,/task/29849/3/asset/Owl.mp3,0
4,1552053374937,08/03/2019 13:56:14,1552053374877,0,08/03/2019 13:56:14,6138,31,task-jgum,,2292399,5c3f31385c5fcf00015801cf,625406,,complete,,5c82742d35584100010cf47c,computer,Desktop or Laptop,Mac OS 10.10.5,Chrome 72.0.3626.121,1280x800,1108x569,after questionnairs,HeadphonesCheck,3,High to Low,after consent,after demographics,after training,after fishing,after questionnairs,1214.9500000014086,/task/29849/3/asset/Goat.mp3,0
1,1552053536423,08/03/2019 13:58:56,1552053534066,0,08/03/2019 13:58:54,6138,31,task-jgum,,2292425,5c7ae077477abb00168f812e,625410,,complete,,5c8273b0eb5f5c0012e2ec5f,computer,Desktop or Laptop,Windows 10,Chrome 72.0.3626.119,1366x768,1366x625,after questionnairs,HeadphonesCheck,3,Low to High,after consent,after demographics,after training,after fishing,after questionnairs,3566.11499999417,"<p style=""color: black; font-size: 28px; font-weight: bold;"">This is a sound check. Please turn on the sound on.</p>",
2,1552053540079,08/03/2019 13:59:00,1552053537766,0,08/03/2019 13:58:57,6138,31,task-jgum,,2292425,5c7ae077477abb00168f812e,625410,,complete,,5c8273b0eb5f5c0012e2ec5f,computer,Desktop or Laptop,Windows 10,Chrome 72.0.3626.119,1366x768,1366x625,after questionnairs,HeadphonesCheck,3,Low to High,after consent,after demographics,after training,after fishing,after questionnairs,3672.744999988936,/task/29849/3/asset/Dog.mp3,1
3,1552053542428,08/03/2019 13:59:02,1552053540131,0,08/03/2019 13:59:00,6138,31,task-jgum,,2292425,5c7ae077477abb00168f812e,625410,,complete,,5c8273b0eb5f5c0012e2ec5f,computer,Desktop or Laptop,Windows 10,Chrome 72.0.3626.119,1366x768,1366x625,after questionnairs,HeadphonesCheck,3,Low to High,after consent,after demographics,after training,after fishing,after questionnairs,2341.809999954421,/task/29849/3/asset/Owl.mp3,0
4,1552053552386,08/03/2019 13:59:12,1552053550072,0,08/03/2019 13:59:10,6138,31,task-jgum,,2292425,5c7ae077477abb00168f812e,625410,,complete,,5c8273b0eb5f5c0012e2ec5f,computer,Desktop or Laptop,Windows 10,Chrome 72.0.3626.119,1366x768,1366x625,after questionnairs,HeadphonesCheck,3,Low to High,after consent,after demographics,after training,after fishing,after questionnairs,9917.914999998175,/task/29849/3/asset/Goat.mp3,0
1,1552053537736,08/03/2019 13:58:57,1552053537664,0,08/03/2019 13:58:57,6138,31,task-jgum,,2292426,5b8bbd437073290001839123,625408,,complete,,5c827475d4f0a800157628f1,computer,Desktop or Laptop,Mac OS 10.14.3,Chrome 72.0.3626.119,1920x1080,1920x968,after questionnairs,HeadphonesCheck,3,Low to High,after consent,after demographics,after training,after fishing,after questionnairs,5279.060000029858,"<p style=""color: black; font-size: 28px; font-weight: bold;"">This is a sound check. Please turn on the sound on.</p>",
2,1552053542173,08/03/2019 13:59:02,1552053542129,0,08/03/2019 13:59:02,6138,31,task-jgum,,2292426,5b8bbd437073290001839123,625408,,complete,,5c827475d4f0a800157628f1,computer,Desktop or Laptop,Mac OS 10.14.3,Chrome 72.0.3626.119,1920x1080,1920x968,after questionnairs,HeadphonesCheck,3,Low to High,after consent,after demographics,after training,after fishing,after questionnairs,4461.539999989327,/task/29849/3/asset/Dog.mp3,1
3,1552053547918,08/03/2019 13:59:07,1552053547838,0,08/03/2019 13:59:07,6138,31,task-jgum,,2292426,5b8bbd437073290001839123,625408,,complete,,5c827475d4f0a800157628f1,computer,Desktop or Laptop,Mac OS 10.14.3,Chrome 72.0.3626.119,1920x1080,1920x968,after questionnairs,HeadphonesCheck,3,Low to High,after consent,after demographics,after training,after fishing,after questionnairs,5707.46499998495,/task/29849/3/asset/Owl.mp3,0
4,1552053550543,08/03/2019 13:59:10,1552053550518,0,08/03/2019 13:59:10,6138,31,task-jgum,,2292426,5b8bbd437073290001839123,625408,,complete,,5c827475d4f0a800157628f1,computer,Desktop or Laptop,Mac OS 10.14.3,Chrome 72.0.3626.119,1920x1080,1920x968,after questionnairs,HeadphonesCheck,3,Low to High,after consent,after demographics,after training,after fishing,after questionnairs,2677.5000000488944,/task/29849/3/asset/Goat.mp3,0
1,1552053595976,08/03/2019 13:59:55,1552053585305,0,08/03/2019 13:59:45,6138,31,task-jgum,,2292433,5c75bbfec84cc10001508282,625411,,complete,,5c8274a38a3a800010c83115,computer,Desktop or Laptop,Windows 10,Chrome 72.0.3626.121,1920x1080,1920x938,after questionnairs,HeadphonesCheck,3,Low to High,after consent,after demographics,after training,after fishing,after questionnairs,15014.530000000377,"<p style=""color: black; font-size: 28px; font-weight: bold;"">This is a sound check. Please turn on the sound on.</p>",
2,1552053599099,08/03/2019 13:59:59,1552053588425,0,08/03/2019 13:59:48,6138,31,task-jgum,,2292433,5c75bbfec84cc10001508282,625411,,complete,,5c8274a38a3a800010c83115,computer,Desktop or Laptop,Windows 10,Chrome 72.0.3626.121,1920x1080,1920x938,after questionnairs,HeadphonesCheck,3,Low to High,after consent,after demographics,after training,after fishing,after questionnairs,3117.210000000341,/task/29849/3/asset/Dog.mp3,1
3,1552053601853,08/03/2019 14:00:01,1552053591205,0,08/03/2019 13:59:51,6138,31,task-jgum,,2292433,5c75bbfec84cc10001508282,625411,,complete,,5c8274a38a3a800010c83115,computer,Desktop or Laptop,Windows 10,Chrome 72.0.3626.121,1920x1080,1920x938,after questionnairs,HeadphonesCheck,3,Low to High,after consent,after demographics,after training,after fishing,after questionnairs,2777.2650000001704,/task/29849/3/asset/Owl.mp3,0
4,1552053603790,08/03/2019 14:00:03,1552053593156,0,08/03/2019 13:59:53,6138,31,task-jgum,,2292433,5c75bbfec84cc10001508282,625411,,complete,,5c8274a38a3a800010c83115,computer,Desktop or Laptop,Windows 10,Chrome 72.0.3626.121,1920x1080,1920x938,after questionnairs,HeadphonesCheck,3,Low to High,after consent,after demographics,after training,after fishing,after questionnairs,1949.9900000000707,/task/29849/3/asset/Goat.mp3,0
1,1552053902678,08/03/2019 14:05:02,1552053902444,-5,08/03/2019 09:05:02,6138,31,task-jgum,,2292490,5c7f17223eaee4001614f4b1,625416,,complete,,5c8274518bc0db00016677af,computer,Desktop or Laptop,Mac OS 10.14.3,Chrome 72.0.3626.119,1440x900,1440x788,after questionnairs,HeadphonesCheck,3,High to Low,after consent,after demographics,after training,after fishing,after questionnairs,7361.130000092089,"<p style=""color: black; font-size: 28px; font-weight: bold;"">This is a sound check. Please turn on the sound on.</p>",
2,1552053905132,08/03/2019 14:05:05,1552053904949,-5,08/03/2019 09:05:04,6138,31,task-jgum,,2292490,5c7f17223eaee4001614f4b1,625416,,complete,,5c8274518bc0db00016677af,computer,Desktop or Laptop,Mac OS 10.14.3,Chrome 72.0.3626.119,1440x900,1440x788,after questionnairs,HeadphonesCheck,3,High to Low,after consent,after demographics,after training,after fishing,after questionnairs,2498.600000049919,/task/29849/3/asset/Dog.mp3,1
3,1552053907824,08/03/2019 14:05:07,1552053907509,-5,08/03/2019 09:05:07,6138,31,task-jgum,,2292490,5c7f17223eaee4001614f4b1,625416,,complete,,5c8274518bc0db00016677af,computer,Desktop or Laptop,Mac OS 10.14.3,Chrome 72.0.3626.119,1440x900,1440x788,after questionnairs,HeadphonesCheck,3,High to Low,after consent,after demographics,after training,after fishing,after questionnairs,2555.2199999801815,/task/29849/3/asset/Owl.mp3,0
4,1552053909131,08/03/2019 14:05:09,1552053908961,-5,08/03/2019 09:05:08,6138,31,task-jgum,,2292490,5c7f17223eaee4001614f4b1,625416,,complete,,5c8274518bc0db00016677af,computer,Desktop or Laptop,Mac OS 10.14.3,Chrome 72.0.3626.119,1440x900,1440x788,after questionnairs,HeadphonesCheck,3,High to Low,after consent,after demographics,after training,after fishing,after questionnairs,1447.664999985136,/task/29849/3/asset/Goat.mp3,0
1,1552054264634,08/03/2019 14:11:04,1552054267375,0,08/03/2019 14:11:07,6138,31,task-jgum,,2292547,5be7862766e3d100010397f5,625431,,complete,,5c827233d4f0a80001762bc6,computer,Desktop or Laptop,Windows 10,Firefox 65.0,1440x810,1440x708,after questionnairs,HeadphonesCheck,3,High to Low,after consent,after demographics,after training,after fishing,after questionnairs,19016,"<p style=""color: black; font-size: 28px; font-weight: bold;"">This is a sound check. Please turn on the sound on.</p>",
2,1552054280743,08/03/2019 14:11:20,1552054275322,0,08/03/2019 14:11:15,6138,31,task-jgum,,2292547,5be7862766e3d100010397f5,625431,,complete,,5c827233d4f0a80001762bc6,computer,Desktop or Laptop,Windows 10,Firefox 65.0,1440x810,1440x708,after questionnairs,HeadphonesCheck,3,High to Low,after consent,after demographics,after training,after fishing,after questionnairs,7943,/task/29849/3/asset/Dog.mp3,0
3,1552054281040,08/03/2019 14:11:21,1552054276732,0,08/03/2019 14:11:16,6138,31,task-jgum,,2292547,5be7862766e3d100010397f5,625431,,complete,,5c827233d4f0a80001762bc6,computer,Desktop or Laptop,Windows 10,Firefox 65.0,1440x810,1440x708,after questionnairs,HeadphonesCheck,3,High to Low,after consent,after demographics,after training,after fishing,after questionnairs,1407,/task/29849/3/asset/Owl.mp3,0
4,1552054281040,08/03/2019 14:11:21,1552054278405,0,08/03/2019 14:11:18,6138,31,task-jgum,,2292547,5be7862766e3d100010397f5,625431,,complete,,5c827233d4f0a80001762bc6,computer,Desktop or Laptop,Windows 10,Firefox 65.0,1440x810,1440x708,after questionnairs,HeadphonesCheck,3,High to Low,after consent,after demographics,after training,after fishing,after questionnairs,1671,/task/29849/3/asset/Goat.mp3,0
END OF FILE
