Event Index,UTC Timestamp,UTC Date,Local Timestamp,Local Timezone,Local Date,Experiment ID,Experiment Version,Tree Node Key,Repeat Key,Schedule ID,Participant Public ID,Participant Private ID,Participant Starting Group,Participant Status,Participant Completion Code,Participant External Session ID,Participant Device Type,Participant Device,Participant OS,Participant Browser,Participant Monitor Size,Participant Viewport Size,Checkpoint,Task Name,Task Version,randomiser-mgaa,checkpoint-z52s,checkpoint-u6nu,checkpoint-puaw,checkpoint-axcr,checkpoint-mrc4,choice made,reaction time
1,1551894730542,06/03/2019 17:52:10,1551894729894,0,06/03/2019 17:52:09,6138,31,task-lgcm,,2280565,5c0e55c7427e7b00013b7cb0,621711,,complete,,5c8003740fa63e001663059f,computer,Desktop or Laptop,Windows 10,Chrome 72.0.3626.121,1280x720,1280x578,after questionnairs,AMI,3,High to Low,after consent,after demographics,after training,after fishing,after questionnairs,"{""Q0"":""Mostly untrue"",""Q1"":""Completely UNTRUE"",""Q2"":""Mostly untrue"",""Q3"":""Quite true"",""Q4"":""Quite true"",""Q5"":""Neither true nor untrue""}",23996.640000026673
2,1551894755364,06/03/2019 17:52:35,1551894754808,0,06/03/2019 17:52:34,6138,31,task-lgcm,,2280565,5c0e55c7427e7b00013b7cb0,621711,,complete,,5c8003740fa63e001663059f,computer,Desktop or Laptop,Windows 10,Chrome 72.0.3626.121,1280x720,1280x578,after questionnairs,AMI,3,High to Low,after consent,after demographics,after training,after fishing,after questionnairs,"{""Q0"":""Completely TRUE"",""Q1"":""Mostly untrue"",""Q2"":""Quite true"",""Q3"":""Neither true nor untrue"",""Q4"":""Completely TRUE"",""Q5"":""Quite true""}",24902.055000013206
3,1551894775365,06/03/2019 17:52:55,1551894774818,0,06/03/2019 17:52:54,6138,31,task-lgcm,,2280565,5c0e55c7427e7b00013b7cb0,621711,,complete,,5c8003740fa63e001663059f,computer,Desktop or Laptop,Windows 10,Chrome 72.0.3626.121,1280x720,1280x578,after questionnairs,AMI,3,High to Low,after consent,after demographics,after training,after fishing,after questionnairs,"{""Q0"":""Quite true"",""Q1"":""Mostly untrue"",""Q2"":""Mostly untrue"",""Q3"":""Quite true"",""Q4"":""Quite true"",""Q5"":""Quite true""}",20000.660000019707
1,1551894920589,06/03/2019 17:55:20,1551894920360,0,06/03/2019 17:55:20,6138,31,task-lgcm,,2280626,5bcd24135c2b810001dc9756,621725,,complete,,5c8004ee1b962600165d54b8,computer,Desktop or Laptop,Windows 10,Chrome 72.0.3626.119,1366x768,1366x657,after questionnairs,AMI,3,Low to High,after consent,after demographics,after training,after fishing,after questionnairs,"{""Q0"":""Quite true"",""Q1"":""Completely UNTRUE"",""Q2"":""Mostly untrue"",""Q3"":""Completely UNTRUE"",""Q4"":""Mostly untrue"",""Q5"":""Completely TRUE""}",21431.49000001722
2,1551894942893,06/03/2019 17:55:42,1551894942739,0,06/03/2019 17:55:42,6138,31,task-lgcm,,2280626,5bcd24135c2b810001dc9756,621725,,complete,,5c8004ee1b962600165d54b8,computer,Desktop or Laptop,Windows 10,Chrome 72.0.3626.119,1366x768,1366x657,after questionnairs,AMI,3,Low to High,after consent,after demographics,after training,after fishing,after questionnairs,"{""Q0"":""Neither true nor untrue"",""Q1"":""Completely UNTRUE"",""Q2"":""Completely UNTRUE"",""Q3"":""Mostly untrue"",""Q4"":""Mostly untrue"",""Q5"":""Mostly untrue""}",22330.950000003213
3,1551894962734,06/03/2019 17:56:02,1551894962573,0,06/03/2019 17:56:02,6138,31,task-lgcm,,2280626,5bcd24135c2b810001dc9756,621725,,complete,,5c8004ee1b962600165d54b8,computer,Desktop or Laptop,Windows 10,Chrome 72.0.3626.119,1366x768,1366x657,after questionnairs,AMI,3,Low to High,after consent,after demographics,after training,after fishing,after questionnairs,"{""Q0"":""Quite true"",""Q1"":""Completely UNTRUE"",""Q2"":""Mostly untrue"",""Q3"":""Quite true"",""Q4"":""Completely UNTRUE"",""Q5"":""Quite true""}",19790.749999985565
1,1551895394250,06/03/2019 18:03:14,1551895393601,0,06/03/2019 18:03:13,6138,31,task-lgcm,,2280680,5c536487b78e9500010dc0a1,621729,,complete,,5c8005472d63590001fd7a4a,computer,Desktop or Laptop,Mac OS 10.14.3,Safari 12.0.3,1440x900,1440x837,after questionnairs,AMI,3,High to Low,after consent,after demographics,after training,after fishing,after questionnairs,"{""Q0"":""Neither true nor untrue"",""Q1"":""Neither true nor untrue"",""Q2"":""Neither true nor untrue"",""Q3"":""Quite true"",""Q4"":""Quite true"",""Q5"":""Quite true""}",31616
2,1551895429174,06/03/2019 18:03:49,1551895428622,0,06/03/2019 18:03:48,6138,31,task-lgcm,,2280680,5c536487b78e9500010dc0a1,621729,,complete,,5c8005472d63590001fd7a4a,computer,Desktop or Laptop,Mac OS 10.14.3,Safari 12.0.3,1440x900,1440x837,after questionnairs,AMI,3,High to Low,after consent,after demographics,after training,after fishing,after questionnairs,"{""Q0"":""Mostly untrue"",""Q1"":""Neither true nor untrue"",""Q2"":""Quite true"",""Q3"":""Quite true"",""Q4"":""Quite true"",""Q5"":""Quite true""}",35005.000000000015
3,1551895450392,06/03/2019 18:04:10,1551895449811,0,06/03/2019 18:04:09,6138,31,task-lgcm,,2280680,5c536487b78e9500010dc0a1,621729,,complete,,5c8005472d63590001fd7a4a,computer,Desktop or Laptop,Mac OS 10.14.3,Safari 12.0.3,1440x900,1440x837,after questionnairs,AMI,3,High to Low,after consent,after demographics,after training,after fishing,after questionnairs,"{""Q0"":""Quite true"",""Q1"":""Quite true"",""Q2"":""Neither true nor untrue"",""Q3"":""Neither true nor untrue"",""Q4"":""Quite true"",""Q5"":""Neither true nor untrue""}",21178
1,1551895128831,06/03/2019 17:58:48,1551895130095,-5,06/03/2019 12:58:50,6138,31,task-lgcm,,2280703,5b245ce134ffd00001b41c00,621735,,complete,,5c80063ed88a5100169df6b7,computer,Desktop or Laptop,Windows 10,Chrome 72.0.3626.119,1536x864,1536x719,after questionnairs,AMI,3,Low to High,after consent,after demographics,after training,after fishing,after questionnairs,"{""Q0"":""Quite true"",""Q1"":""Mostly untrue"",""Q2"":""Neither true nor untrue"",""Q3"":""Quite true"",""Q4"":""Mostly untrue"",""Q5"":""Quite true""}",18807.789999991655
2,1551895139239,06/03/2019 17:58:59,1551895140555,-5,06/03/2019 12:59:00,6138,31,task-lgcm,,2280703,5b245ce134ffd00001b41c00,621735,,complete,,5c80063ed88a5100169df6b7,computer,Desktop or Laptop,Windows 10,Chrome 72.0.3626.119,1536x864,1536x719,after questionnairs,AMI,3,Low to High,after consent,after demographics,after training,after fishing,after questionnairs,"{""Q0"":""Quite true"",""Q1"":""Quite true"",""Q2"":""Quite true"",""Q3"":""Mostly untrue"",""Q4"":""Mostly untrue"",""Q5"":""Mostly untrue""}",10441.920000012033
3,1551895149868,06/03/2019 17:59:09,1551895151156,-5,06/03/2019 12:59:11,6138,31,task-lgcm,,2280703,5b245ce134ffd00001b41c00,621735,,complete,,5c80063ed88a5100169df6b7,computer,Desktop or Laptop,Windows 10,Chrome 72.0.3626.119,1536x864,1536x719,after questionnairs,AMI,3,Low to High,after consent,after demographics,after training,after fishing,after questionnairs,"{""Q0"":""Quite true"",""Q1"":""Mostly untrue"",""Q2"":""Mostly untrue"",""Q3"":""Quite true"",""Q4"":""Quite true"",""Q5"":""Quite true""}",10583.024999999907
1,1551895234419,06/03/2019 18:00:34,1551895233137,0,06/03/2019 18:00:33,6138,31,task-lgcm,,2280725,5c655f01755ed200011bf205,621733,,complete,,5c80061b472e4e0012531f32,computer,Desktop or Laptop,Windows 10,Chrome 72.0.3626.119,1366x768,1366x657,after questionnairs,AMI,3,Low to High,after consent,after demographics,after training,after fishing,after questionnairs,"{""Q0"":""Quite true"",""Q1"":""Completely UNTRUE"",""Q2"":""Quite true"",""Q3"":""Neither true nor untrue"",""Q4"":""Mostly untrue"",""Q5"":""Quite true""}",60113.74000000069
2,1551895272628,06/03/2019 18:01:12,1551895271307,0,06/03/2019 18:01:11,6138,31,task-lgcm,,2280725,5c655f01755ed200011bf205,621733,,complete,,5c80061b472e4e0012531f32,computer,Desktop or Laptop,Windows 10,Chrome 72.0.3626.119,1366x768,1366x657,after questionnairs,AMI,3,Low to High,after consent,after demographics,after training,after fishing,after questionnairs,"{""Q0"":""Quite true"",""Q1"":""Completely TRUE"",""Q2"":""Neither true nor untrue"",""Q3"":""Quite true"",""Q4"":""Quite true"",""Q5"":""Quite true""}",38150.20000000368
3,1551895332727,06/03/2019 18:02:12,1551895331438,0,06/03/2019 18:02:11,6138,31,task-lgcm,,2280725,5c655f01755ed200011bf205,621733,,complete,,5c80061b472e4e0012531f32,computer,Desktop or Laptop,Windows 10,Chrome 72.0.3626.119,1366x768,1366x657,after questionnairs,AMI,3,Low to High,after consent,after demographics,after training,after fishing,after questionnairs,"{""Q0"":""Completely TRUE"",""Q1"":""Mostly untrue"",""Q2"":""Mostly untrue"",""Q3"":""Quite true"",""Q4"":""Quite true"",""Q5"":""Completely TRUE""}",60109.110000004875
1,1551895283092,06/03/2019 18:01:23,1551895280851,0,06/03/2019 18:01:20,6138,31,task-lgcm,,2280752,5c66bbd0d0fb37000172fdfe,621738,,complete,,5c800653d8bd0900162bdb23,computer,Desktop or Laptop,Windows 10,Firefox 65.0,1824x1026,1824x890,after questionnairs,AMI,3,High to Low,after consent,after demographics,after training,after fishing,after questionnairs,"{""Q0"":""Quite true"",""Q1"":""Mostly untrue"",""Q2"":""Mostly untrue"",""Q3"":""Completely TRUE"",""Q4"":""Quite true"",""Q5"":""Quite true""}",21543
2,1551895304641,06/03/2019 18:01:44,1551895302468,0,06/03/2019 18:01:42,6138,31,task-lgcm,,2280752,5c66bbd0d0fb37000172fdfe,621738,,complete,,5c800653d8bd0900162bdb23,computer,Desktop or Laptop,Windows 10,Firefox 65.0,1824x1026,1824x890,after questionnairs,AMI,3,High to Low,after consent,after demographics,after training,after fishing,after questionnairs,"{""Q0"":""Quite true"",""Q1"":""Completely TRUE"",""Q2"":""Neither true nor untrue"",""Q3"":""Mostly untrue"",""Q4"":""Mostly untrue"",""Q5"":""Mostly untrue""}",21604
3,1551895318678,06/03/2019 18:01:58,1551895316410,0,06/03/2019 18:01:56,6138,31,task-lgcm,,2280752,5c66bbd0d0fb37000172fdfe,621738,,complete,,5c800653d8bd0900162bdb23,computer,Desktop or Laptop,Windows 10,Firefox 65.0,1824x1026,1824x890,after questionnairs,AMI,3,High to Low,after consent,after demographics,after training,after fishing,after questionnairs,"{""Q0"":""Quite true"",""Q1"":""Quite true"",""Q2"":""Mostly untrue"",""Q3"":""Completely TRUE"",""Q4"":""Quite true"",""Q5"":""Quite true""}",13927
1,1551895352436,06/03/2019 18:02:32,1551895389543,0,06/03/2019 18:03:09,6138,31,task-lgcm,,2280776,5c4486c38bb6fd000164157d,621734,,complete,,5c80063238b1eb00011e7fc4,computer,Desktop or Laptop,Windows 7,Chrome 72.0.3626.119,1920x1080,1257x811,after questionnairs,AMI,3,High to Low,after consent,after demographics,after training,after fishing,after questionnairs,"{""Q0"":""Neither true nor untrue"",""Q1"":""Completely UNTRUE"",""Q2"":""Mostly untrue"",""Q3"":""Mostly untrue"",""Q4"":""Mostly untrue"",""Q5"":""Quite true""}",22326.249999998254
2,1551895386266,06/03/2019 18:03:06,1551895423460,0,06/03/2019 18:03:43,6138,31,task-lgcm,,2280776,5c4486c38bb6fd000164157d,621734,,complete,,5c80063238b1eb00011e7fc4,computer,Desktop or Laptop,Windows 7,Chrome 72.0.3626.119,1920x1080,1257x811,after questionnairs,AMI,3,High to Low,after consent,after demographics,after training,after fishing,after questionnairs,"{""Q0"":""Quite true"",""Q1"":""Completely UNTRUE"",""Q2"":""Mostly untrue"",""Q3"":""Mostly untrue"",""Q4"":""Neither true nor untrue"",""Q5"":""Quite true""}",33904.89000000525
3,1551895407456,06/03/2019 18:03:27,1551895444654,0,06/03/2019 18:04:04,6138,31,task-lgcm,,2280776,5c4486c38bb6fd000164157d,621734,,complete,,5c80063238b1eb00011e7fc4,computer,Desktop or Laptop,Windows 7,Chrome 72.0.3626.119,1920x1080,1257x811,after questionnairs,AMI,3,High to Low,after consent,after demographics,after training,after fishing,after questionnairs,"{""Q0"":""Mostly untrue"",""Q1"":""Mostly untrue"",""Q2"":""Mostly untrue"",""Q3"":""Mostly untrue"",""Q4"":""Quite true"",""Q5"":""Neither true nor untrue""}",21179.535000002943
1,1551895519477,06/03/2019 18:05:19,1551895518435,0,06/03/2019 18:05:18,6138,31,task-lgcm,,2280826,5c55a6daf0a1fe00017f4756,621749,,complete,,5c8007193585990001e18d14,computer,Desktop or Laptop,Windows 10,Firefox 65.0,1366x768,1366x693,after questionnairs,AMI,3,Low to High,after consent,after demographics,after training,after fishing,after questionnairs,"{""Q0"":""Completely TRUE"",""Q1"":""Completely UNTRUE"",""Q2"":""Mostly untrue"",""Q3"":""Neither true nor untrue"",""Q4"":""Completely UNTRUE"",""Q5"":""Completely TRUE""}",25177
2,1551895542497,06/03/2019 18:05:42,1551895541572,0,06/03/2019 18:05:41,6138,31,task-lgcm,,2280826,5c55a6daf0a1fe00017f4756,621749,,complete,,5c8007193585990001e18d14,computer,Desktop or Laptop,Windows 10,Firefox 65.0,1366x768,1366x693,after questionnairs,AMI,3,Low to High,after consent,after demographics,after training,after fishing,after questionnairs,"{""Q0"":""Quite true"",""Q1"":""Mostly untrue"",""Q2"":""Neither true nor untrue"",""Q3"":""Quite true"",""Q4"":""Quite true"",""Q5"":""Neither true nor untrue""}",23115
3,1551895566327,06/03/2019 18:06:06,1551895565455,0,06/03/2019 18:06:05,6138,31,task-lgcm,,2280826,5c55a6daf0a1fe00017f4756,621749,,complete,,5c8007193585990001e18d14,computer,Desktop or Laptop,Windows 10,Firefox 65.0,1366x768,1366x693,after questionnairs,AMI,3,Low to High,after consent,after demographics,after training,after fishing,after questionnairs,"{""Q0"":""Completely TRUE"",""Q1"":""Mostly untrue"",""Q2"":""Quite true"",""Q3"":""Completely TRUE"",""Q4"":""Neither true nor untrue"",""Q5"":""Completely TRUE""}",23863
1,1551895595421,06/03/2019 18:06:35,1551895594455,0,06/03/2019 18:06:34,6138,31,task-lgcm,,2280852,5c635ac08a8eed000143da6c,621762,,complete,,5c8008660fa63e00166305ba,computer,Desktop or Laptop,Windows 10,Chrome 72.0.3626.121,1920x1080,1920x979,after questionnairs,AMI,3,High to Low,after consent,after demographics,after training,after fishing,after questionnairs,"{""Q0"":""Quite true"",""Q1"":""Mostly untrue"",""Q2"":""Mostly untrue"",""Q3"":""Quite true"",""Q4"":""Quite true"",""Q5"":""Completely TRUE""}",25609.46000000331
2,1551895618201,06/03/2019 18:06:58,1551895617263,0,06/03/2019 18:06:57,6138,31,task-lgcm,,2280852,5c635ac08a8eed000143da6c,621762,,complete,,5c8008660fa63e00166305ba,computer,Desktop or Laptop,Windows 10,Chrome 72.0.3626.121,1920x1080,1920x979,after questionnairs,AMI,3,High to Low,after consent,after demographics,after training,after fishing,after questionnairs,"{""Q0"":""Quite true"",""Q1"":""Quite true"",""Q2"":""Mostly untrue"",""Q3"":""Neither true nor untrue"",""Q4"":""Mostly untrue"",""Q5"":""Quite true""}",22799.21000000104
3,1551895622911,06/03/2019 18:07:02,1551895622022,0,06/03/2019 18:07:02,6138,31,task-lgcm,,2280852,5c635ac08a8eed000143da6c,621762,,complete,,5c8008660fa63e00166305ba,computer,Desktop or Laptop,Windows 10,Chrome 72.0.3626.121,1920x1080,1920x979,after questionnairs,AMI,3,High to Low,after consent,after demographics,after training,after fishing,after questionnairs,"{""Q0"":""Quite true"",""Q1"":""Mostly untrue"",""Q2"":""Quite true"",""Q3"":""Quite true"",""Q4"":""Mostly untrue"",""Q5"":""Quite true""}",4748.920000001817
1,1551895763536,06/03/2019 18:09:23,1551895764647,0,06/03/2019 18:09:24,6138,31,task-lgcm,,2280884,5c40dea5f374a90001622c8e,621759,,complete,,5c8007e316fe5f0001f841fb,computer,Desktop or Laptop,Windows 10,Chrome 72.0.3626.119,1366x768,1366x625,after questionnairs,AMI,3,Low to High,after consent,after demographics,after training,after fishing,after questionnairs,"{""Q0"":""Quite true"",""Q1"":""Mostly untrue"",""Q2"":""Mostly untrue"",""Q3"":""Neither true nor untrue"",""Q4"":""Quite true"",""Q5"":""Quite true""}",23236.58000002615
2,1551895787909,06/03/2019 18:09:47,1551895789116,0,06/03/2019 18:09:49,6138,31,task-lgcm,,2280884,5c40dea5f374a90001622c8e,621759,,complete,,5c8007e316fe5f0001f841fb,computer,Desktop or Laptop,Windows 10,Chrome 72.0.3626.119,1366x768,1366x625,after questionnairs,AMI,3,Low to High,after consent,after demographics,after training,after fishing,after questionnairs,"{""Q0"":""Neither true nor untrue"",""Q1"":""Quite true"",""Q2"":""Neither true nor untrue"",""Q3"":""Mostly untrue"",""Q4"":""Mostly untrue"",""Q5"":""Mostly untrue""}",24455.160000012256
3,1551895824831,06/03/2019 18:10:24,1551895826058,0,06/03/2019 18:10:26,6138,31,task-lgcm,,2280884,5c40dea5f374a90001622c8e,621759,,complete,,5c8007e316fe5f0001f841fb,computer,Desktop or Laptop,Windows 10,Chrome 72.0.3626.119,1366x768,1366x625,after questionnairs,AMI,3,Low to High,after consent,after demographics,after training,after fishing,after questionnairs,"{""Q0"":""Mostly untrue"",""Q1"":""Quite true"",""Q2"":""Mostly untrue"",""Q3"":""Neither true nor untrue"",""Q4"":""Quite true"",""Q5"":""Quite true""}",36930.14499999117
1,1551895766256,06/03/2019 18:09:26,1551895766248,0,06/03/2019 18:09:26,6138,31,task-lgcm,,2280885,5bdca092e27ddf0001185103,621753,,complete,,5c8007961f93070012f8acf1,computer,Desktop or Laptop,Windows 10,Chrome 72.0.3626.119,1366x768,1366x768,after questionnairs,AMI,3,Low to High,after consent,after demographics,after training,after fishing,after questionnairs,"{""Q0"":""Quite true"",""Q1"":""Quite true"",""Q2"":""Mostly untrue"",""Q3"":""Quite true"",""Q4"":""Quite true"",""Q5"":""Mostly untrue""}",24778.395000030287
2,1551895801106,06/03/2019 18:10:01,1551895801115,0,06/03/2019 18:10:01,6138,31,task-lgcm,,2280885,5bdca092e27ddf0001185103,621753,,complete,,5c8007961f93070012f8acf1,computer,Desktop or Laptop,Windows 10,Chrome 72.0.3626.119,1366x768,1366x768,after questionnairs,AMI,3,Low to High,after consent,after demographics,after training,after fishing,after questionnairs,"{""Q0"":""Quite true"",""Q1"":""Quite true"",""Q2"":""Mostly untrue"",""Q3"":""Mostly untrue"",""Q4"":""Neither true nor untrue"",""Q5"":""Quite true""}",34848.59499998856
3,1551895835259,06/03/2019 18:10:35,1551895835262,0,06/03/2019 18:10:35,6138,31,task-lgcm,,2280885,5bdca092e27ddf0001185103,621753,,complete,,5c8007961f93070012f8acf1,computer,Desktop or Laptop,Windows 10,Chrome 72.0.3626.119,1366x768,1366x768,after questionnairs,AMI,3,Low to High,after consent,after demographics,after training,after fishing,after questionnairs,"{""Q0"":""Completely TRUE"",""Q1"":""Neither true nor untrue"",""Q2"":""Quite true"",""Q3"":""Completely TRUE"",""Q4"":""Quite true"",""Q5"":""Completely TRUE""}",34126.79000000935
1,1551895848157,06/03/2019 18:10:48,1551895847922,0,06/03/2019 18:10:47,6138,31,task-lgcm,,2280897,5c658b1c2ff6e000018bfa94,621770,,complete,,5c8008882d63590016fd7a65,computer,Desktop or Laptop,Mac OS 10.12.6,Safari 12.0.1,1440x900,1440x837,after questionnairs,AMI,3,High to Low,after consent,after demographics,after training,after fishing,after questionnairs,"{""Q0"":""Completely TRUE"",""Q1"":""Completely UNTRUE"",""Q2"":""Neither true nor untrue"",""Q3"":""Completely TRUE"",""Q4"":""Mostly untrue"",""Q5"":""Completely TRUE""}",19668
2,1551895867512,06/03/2019 18:11:07,1551895866237,0,06/03/2019 18:11:06,6138,31,task-lgcm,,2280897,5c658b1c2ff6e000018bfa94,621770,,complete,,5c8008882d63590016fd7a65,computer,Desktop or Laptop,Mac OS 10.12.6,Safari 12.0.1,1440x900,1440x837,after questionnairs,AMI,3,High to Low,after consent,after demographics,after training,after fishing,after questionnairs,"{""Q0"":""Quite true"",""Q1"":""Quite true"",""Q2"":""Neither true nor untrue"",""Q3"":""Mostly untrue"",""Q4"":""Quite true"",""Q5"":""Quite true""}",18301.999999999996
3,1551895890443,06/03/2019 18:11:30,1551895890324,0,06/03/2019 18:11:30,6138,31,task-lgcm,,2280897,5c658b1c2ff6e000018bfa94,621770,,complete,,5c8008882d63590016fd7a65,computer,Desktop or Laptop,Mac OS 10.12.6,Safari 12.0.1,1440x900,1440x837,after questionnairs,AMI,3,High to Low,after consent,after demographics,after training,after fishing,after questionnairs,"{""Q0"":""Completely TRUE"",""Q1"":""Completely UNTRUE"",""Q2"":""Mostly untrue"",""Q3"":""Completely TRUE"",""Q4"":""Quite true"",""Q5"":""Completely TRUE""}",24072
1,1551896089191,06/03/2019 18:14:49,1551896086517,0,06/03/2019 18:14:46,6138,31,task-lgcm,,2280949,5bfae63246911f0001d7d3f8,621772,,complete,,5c80092d4bb4bc0001ea3e6e,computer,Desktop or Laptop,Windows 10,Chrome 72.0.3626.121,1280x720,1280x610,after questionnairs,AMI,3,Low to High,after consent,after demographics,after training,after fishing,after questionnairs,"{""Q0"":""Completely TRUE"",""Q1"":""Quite true"",""Q2"":""Quite true"",""Q3"":""Completely TRUE"",""Q4"":""Neither true nor untrue"",""Q5"":""Quite true""}",29404.615000123158
2,1551896110918,06/03/2019 18:15:10,1551896108330,0,06/03/2019 18:15:08,6138,31,task-lgcm,,2280949,5bfae63246911f0001d7d3f8,621772,,complete,,5c80092d4bb4bc0001ea3e6e,computer,Desktop or Laptop,Windows 10,Chrome 72.0.3626.121,1280x720,1280x610,after questionnairs,AMI,3,Low to High,after consent,after demographics,after training,after fishing,after questionnairs,"{""Q0"":""Quite true"",""Q1"":""Completely TRUE"",""Q2"":""Quite true"",""Q3"":""Mostly untrue"",""Q4"":""Mostly untrue"",""Q5"":""Quite true""}",21777.135000098497
3,1551896131505,06/03/2019 18:15:31,1551896128925,0,06/03/2019 18:15:28,6138,31,task-lgcm,,2280949,5bfae63246911f0001d7d3f8,621772,,complete,,5c80092d4bb4bc0001ea3e6e,computer,Desktop or Laptop,Windows 10,Chrome 72.0.3626.121,1280x720,1280x610,after questionnairs,AMI,3,Low to High,after consent,after demographics,after training,after fishing,after questionnairs,"{""Q0"":""Completely TRUE"",""Q1"":""Quite true"",""Q2"":""Mostly untrue"",""Q3"":""Completely TRUE"",""Q4"":""Completely TRUE"",""Q5"":""Completely TRUE""}",20563.19999997504
1,1551896181006,06/03/2019 18:16:21,1551896179702,0,06/03/2019 18:16:19,6138,31,task-lgcm,,2280983,5c59f7cb4eea0b00017c9317,621761,,complete,,5c80084ebaf0670015b60800,computer,Desktop or Laptop,Windows 10,Edge 17.17134,1366x768,1366x651,after questionnairs,AMI,3,Low to High,after consent,after demographics,after training,after fishing,after questionnairs,"{""Q0"":""Quite true"",""Q1"":""Mostly untrue"",""Q2"":""Quite true"",""Q3"":""Mostly untrue"",""Q4"":""Mostly untrue"",""Q5"":""Completely UNTRUE""}",43590.19988908524
2,1551896242191,06/03/2019 18:17:22,1551896240842,0,06/03/2019 18:17:20,6138,31,task-lgcm,,2280983,5c59f7cb4eea0b00017c9317,621761,,complete,,5c80084ebaf0670015b60800,computer,Desktop or Laptop,Windows 10,Edge 17.17134,1366x768,1366x651,after questionnairs,AMI,3,Low to High,after consent,after demographics,after training,after fishing,after questionnairs,"{""Q0"":""Completely UNTRUE"",""Q1"":""Mostly untrue"",""Q2"":""Quite true"",""Q3"":""Completely UNTRUE"",""Q4"":""Neither true nor untrue"",""Q5"":""Neither true nor untrue""}",61113.40009776451
3,1551896285725,06/03/2019 18:18:05,1551896284473,0,06/03/2019 18:18:04,6138,31,task-lgcm,,2280983,5c59f7cb4eea0b00017c9317,621761,,complete,,5c80084ebaf0670015b60800,computer,Desktop or Laptop,Windows 10,Edge 17.17134,1366x768,1366x651,after questionnairs,AMI,3,Low to High,after consent,after demographics,after training,after fishing,after questionnairs,"{""Q0"":""Completely UNTRUE"",""Q1"":""Mostly untrue"",""Q2"":""Quite true"",""Q3"":""Completely UNTRUE"",""Q4"":""Quite true"",""Q5"":""Mostly untrue""}",43611.000178390605
1,1551896263315,06/03/2019 18:17:43,1551896266041,0,06/03/2019 18:17:46,6138,31,task-lgcm,,2281004,5c1f89a010140800013f7ced,621789,,complete,,5c800a14e960aa00169603c7,computer,Desktop or Laptop,Windows 10,Chrome 72.0.3626.119,1366x768,1366x657,after questionnairs,AMI,3,High to Low,after consent,after demographics,after training,after fishing,after questionnairs,"{""Q0"":""Neither true nor untrue"",""Q1"":""Completely UNTRUE"",""Q2"":""Neither true nor untrue"",""Q3"":""Neither true nor untrue"",""Q4"":""Neither true nor untrue"",""Q5"":""Quite true""}",13736.01500003133
2,1551896278623,06/03/2019 18:17:58,1551896281378,0,06/03/2019 18:18:01,6138,31,task-lgcm,,2281004,5c1f89a010140800013f7ced,621789,,complete,,5c800a14e960aa00169603c7,computer,Desktop or Laptop,Windows 10,Chrome 72.0.3626.119,1366x768,1366x657,after questionnairs,AMI,3,High to Low,after consent,after demographics,after training,after fishing,after questionnairs,"{""Q0"":""Neither true nor untrue"",""Q1"":""Quite true"",""Q2"":""Quite true"",""Q3"":""Quite true"",""Q4"":""Quite true"",""Q5"":""Quite true""}",15283.159999991767
3,1551896293637,06/03/2019 18:18:13,1551896296376,0,06/03/2019 18:18:16,6138,31,task-lgcm,,2281004,5c1f89a010140800013f7ced,621789,,complete,,5c800a14e960aa00169603c7,computer,Desktop or Laptop,Windows 10,Chrome 72.0.3626.119,1366x768,1366x657,after questionnairs,AMI,3,High to Low,after consent,after demographics,after training,after fishing,after questionnairs,"{""Q0"":""Quite true"",""Q1"":""Neither true nor untrue"",""Q2"":""Mostly untrue"",""Q3"":""Quite true"",""Q4"":""Quite true"",""Q5"":""Quite true""}",14949.214999971446
1,1551896358969,06/03/2019 18:19:18,1551896358849,0,06/03/2019 18:19:18,6138,31,task-lgcm,,2281023,5c6c53f1c3aa150001144ea6,621775,,complete,,5c800946b9f2040016ae31fa,computer,Desktop or Laptop,Mac OS 10.13.6,Chrome 72.0.3626.119,1280x800,1280x597,after questionnairs,AMI,3,High to Low,after consent,after demographics,after training,after fishing,after questionnairs,"{""Q0"":""Quite true"",""Q1"":""Mostly untrue"",""Q2"":""Quite true"",""Q3"":""Quite true"",""Q4"":""Mostly untrue"",""Q5"":""Quite true""}",18497.68500000937
2,1551896382768,06/03/2019 18:19:42,1551896382709,0,06/03/2019 18:19:42,6138,31,task-lgcm,,2281023,5c6c53f1c3aa150001144ea6,621775,,complete,,5c800946b9f2040016ae31fa,computer,Desktop or Laptop,Mac OS 10.13.6,Chrome 72.0.3626.119,1280x800,1280x597,after questionnairs,AMI,3,High to Low,after consent,after demographics,after training,after fishing,after questionnairs,"{""Q0"":""Quite true"",""Q1"":""Quite true"",""Q2"":""Quite true"",""Q3"":""Mostly untrue"",""Q4"":""Mostly untrue"",""Q5"":""Neither true nor untrue""}",23831.775000013295
3,1551896411745,06/03/2019 18:20:11,1551896411696,0,06/03/2019 18:20:11,6138,31,task-lgcm,,2281023,5c6c53f1c3aa150001144ea6,621775,,complete,,5c800946b9f2040016ae31fa,computer,Desktop or Laptop,Mac OS 10.13.6,Chrome 72.0.3626.119,1280x800,1280x597,after questionnairs,AMI,3,High to Low,after consent,after demographics,after training,after fishing,after questionnairs,"{""Q0"":""Quite true"",""Q1"":""Neither true nor untrue"",""Q2"":""Neither true nor untrue"",""Q3"":""Quite true"",""Q4"":""Neither true nor untrue"",""Q5"":""Quite true""}",28960.405000005267
1,1551896371982,06/03/2019 18:19:31,1551896371853,0,06/03/2019 18:19:31,6138,31,task-lgcm,,2281026,5c1246ea72a5f1000117134b,621785,,complete,,5c800a037a96cf0017545b2a,computer,Desktop or Laptop,Mac OS 10.14.3,Chrome 72.0.3626.119,1280x800,1280x721,after questionnairs,AMI,3,Low to High,after consent,after demographics,after training,after fishing,after questionnairs,"{""Q0"":""Quite true"",""Q1"":""Mostly untrue"",""Q2"":""Mostly untrue"",""Q3"":""Quite true"",""Q4"":""Neither true nor untrue"",""Q5"":""Quite true""}",14700.799999998708
2,1551896381632,06/03/2019 18:19:41,1551896381527,0,06/03/2019 18:19:41,6138,31,task-lgcm,,2281026,5c1246ea72a5f1000117134b,621785,,complete,,5c800a037a96cf0017545b2a,computer,Desktop or Laptop,Mac OS 10.14.3,Chrome 72.0.3626.119,1280x800,1280x721,after questionnairs,AMI,3,Low to High,after consent,after demographics,after training,after fishing,after questionnairs,"{""Q0"":""Quite true"",""Q1"":""Neither true nor untrue"",""Q2"":""Quite true"",""Q3"":""Quite true"",""Q4"":""Quite true"",""Q5"":""Quite true""}",9661.93000000203
3,1551896396032,06/03/2019 18:19:56,1551896395995,0,06/03/2019 18:19:55,6138,31,task-lgcm,,2281026,5c1246ea72a5f1000117134b,621785,,complete,,5c800a037a96cf0017545b2a,computer,Desktop or Laptop,Mac OS 10.14.3,Chrome 72.0.3626.119,1280x800,1280x721,after questionnairs,AMI,3,Low to High,after consent,after demographics,after training,after fishing,after questionnairs,"{""Q0"":""Neither true nor untrue"",""Q1"":""Mostly untrue"",""Q2"":""Quite true"",""Q3"":""Quite true"",""Q4"":""Quite true"",""Q5"":""Quite true""}",14456.915000002482
1,1551896556509,06/03/2019 18:22:36,1551896550770,0,06/03/2019 18:22:30,6138,31,task-lgcm,,2281047,5bd9957a7351b50001b2c9ba,621774,,complete,,5c80092e78e54b0001d3e658,computer,Desktop or Laptop,Windows 8.1,Chrome 72.0.3626.121,1366x768,1366x625,after questionnairs,AMI,3,High to Low,after consent,after demographics,after training,after fishing,after questionnairs,"{""Q0"":""Quite true"",""Q1"":""Neither true nor untrue"",""Q2"":""Neither true nor untrue"",""Q3"":""Completely TRUE"",""Q4"":""Neither true nor untrue"",""Q5"":""Quite true""}",53079.900000000634
2,1551896576187,06/03/2019 18:22:56,1551896570497,0,06/03/2019 18:22:50,6138,31,task-lgcm,,2281047,5bd9957a7351b50001b2c9ba,621774,,complete,,5c80092e78e54b0001d3e658,computer,Desktop or Laptop,Windows 8.1,Chrome 72.0.3626.121,1366x768,1366x625,after questionnairs,AMI,3,High to Low,after consent,after demographics,after training,after fishing,after questionnairs,"{""Q0"":""Quite true"",""Q1"":""Completely TRUE"",""Q2"":""Neither true nor untrue"",""Q3"":""Mostly untrue"",""Q4"":""Mostly untrue"",""Q5"":""Neither true nor untrue""}",19623.05000000015
3,1551896591540,06/03/2019 18:23:11,1551896585814,0,06/03/2019 18:23:05,6138,31,task-lgcm,,2281047,5bd9957a7351b50001b2c9ba,621774,,complete,,5c80092e78e54b0001d3e658,computer,Desktop or Laptop,Windows 8.1,Chrome 72.0.3626.121,1366x768,1366x625,after questionnairs,AMI,3,High to Low,after consent,after demographics,after training,after fishing,after questionnairs,"{""Q0"":""Quite true"",""Q1"":""Quite true"",""Q2"":""Neither true nor untrue"",""Q3"":""Quite true"",""Q4"":""Quite true"",""Q5"":""Quite true""}",15213.85999999984
1,1552054262382,08/03/2019 14:11:02,1552054262220,0,08/03/2019 14:11:02,6138,31,task-lgcm,,2292548,5c3f31385c5fcf00015801cf,625406,,complete,,5c82742d35584100010cf47c,computer,Desktop or Laptop,Mac OS 10.10.5,Chrome 72.0.3626.121,1280x800,1108x569,after questionnairs,AMI,3,High to Low,after consent,after demographics,after training,after fishing,after questionnairs,"{""Q0"":""Neither true nor untrue"",""Q1"":""Mostly untrue"",""Q2"":""Neither true nor untrue"",""Q3"":""Mostly untrue"",""Q4"":""Mostly untrue"",""Q5"":""Quite true""}",15947.104999999283
2,1552054282513,08/03/2019 14:11:22,1552054272451,0,08/03/2019 14:11:12,6138,31,task-lgcm,,2292548,5c3f31385c5fcf00015801cf,625406,,complete,,5c82742d35584100010cf47c,computer,Desktop or Laptop,Mac OS 10.10.5,Chrome 72.0.3626.121,1280x800,1108x569,after questionnairs,AMI,3,High to Low,after consent,after demographics,after training,after fishing,after questionnairs,"{""Q0"":""Neither true nor untrue"",""Q1"":""Quite true"",""Q2"":""Neither true nor untrue"",""Q3"":""Mostly untrue"",""Q4"":""Neither true nor untrue"",""Q5"":""Neither true nor untrue""}",10210.70999999938
3,1552054282513,08/03/2019 14:11:22,1552054279773,0,08/03/2019 14:11:19,6138,31,task-lgcm,,2292548,5c3f31385c5fcf00015801cf,625406,,complete,,5c82742d35584100010cf47c,computer,Desktop or Laptop,Mac OS 10.10.5,Chrome 72.0.3626.121,1280x800,1108x569,after questionnairs,AMI,3,High to Low,after consent,after demographics,after training,after fishing,after questionnairs,"{""Q0"":""Neither true nor untrue"",""Q1"":""Mostly untrue"",""Q2"":""Neither true nor untrue"",""Q3"":""Quite true"",""Q4"":""Quite true"",""Q5"":""Neither true nor untrue""}",7300.3200000021025
1,1552054292964,08/03/2019 14:11:32,1552054294633,0,08/03/2019 14:11:34,6138,31,task-lgcm,,2292552,5c3c6cb05060420001790d3f,625389,,complete,,5c827344eb5f5c0012e2ec5d,computer,Desktop or Laptop,Windows 10,Edge 17.17134,1366x768,1366x619,after questionnairs,AMI,3,Low to High,after consent,after demographics,after training,after fishing,after questionnairs,"{""Q0"":""Quite true"",""Q1"":""Quite true"",""Q2"":""Neither true nor untrue"",""Q3"":""Completely TRUE"",""Q4"":""Completely TRUE"",""Q5"":""Neither true nor untrue""}",30604.199848874734
2,1552054312395,08/03/2019 14:11:52,1552054314071,0,08/03/2019 14:11:54,6138,31,task-lgcm,,2292552,5c3c6cb05060420001790d3f,625389,,complete,,5c827344eb5f5c0012e2ec5d,computer,Desktop or Laptop,Windows 10,Edge 17.17134,1366x768,1366x619,after questionnairs,AMI,3,Low to High,after consent,after demographics,after training,after fishing,after questionnairs,"{""Q0"":""Completely TRUE"",""Q1"":""Completely TRUE"",""Q2"":""Completely TRUE"",""Q3"":""Completely TRUE"",""Q4"":""Completely TRUE"",""Q5"":""Completely TRUE""}",19409.000358826514
3,1552054330140,08/03/2019 14:12:10,1552054331796,0,08/03/2019 14:12:11,6138,31,task-lgcm,,2292552,5c3c6cb05060420001790d3f,625389,,complete,,5c827344eb5f5c0012e2ec5d,computer,Desktop or Laptop,Windows 10,Edge 17.17134,1366x768,1366x619,after questionnairs,AMI,3,Low to High,after consent,after demographics,after training,after fishing,after questionnairs,"{""Q0"":""Completely TRUE"",""Q1"":""Completely TRUE"",""Q2"":""Completely TRUE"",""Q3"":""Completely TRUE"",""Q4"":""Completely TRUE"",""Q5"":""Completely TRUE""}",17695.500076586635
1,1552054310161,08/03/2019 14:11:50,1552054309761,0,08/03/2019 14:11:49,6138,31,task-lgcm,,2292559,5bf033df5fc1db00013051a0,625386,,complete,,5c82733554effd0001d7194a,computer,Desktop or Laptop,Windows 10,Chrome 72.0.3626.121,1536x864,1536x754,after questionnairs,AMI,3,High to Low,after consent,after demographics,after training,after fishing,after questionnairs,"{""Q0"":""Quite true"",""Q1"":""Completely UNTRUE"",""Q2"":""Mostly untrue"",""Q3"":""Quite true"",""Q4"":""Mostly untrue"",""Q5"":""Quite true""}",16152.910000062548
2,1552054333122,08/03/2019 14:12:13,1552054332821,0,08/03/2019 14:12:12,6138,31,task-lgcm,,2292559,5bf033df5fc1db00013051a0,625386,,complete,,5c82733554effd0001d7194a,computer,Desktop or Laptop,Windows 10,Chrome 72.0.3626.121,1536x864,1536x754,after questionnairs,AMI,3,High to Low,after consent,after demographics,after training,after fishing,after questionnairs,"{""Q0"":""Quite true"",""Q1"":""Quite true"",""Q2"":""Neither true nor untrue"",""Q3"":""Neither true nor untrue"",""Q4"":""Mostly untrue"",""Q5"":""Quite true""}",23042.149999993853
3,1552054358566,08/03/2019 14:12:38,1552054357880,0,08/03/2019 14:12:37,6138,31,task-lgcm,,2292559,5bf033df5fc1db00013051a0,625386,,complete,,5c82733554effd0001d7194a,computer,Desktop or Laptop,Windows 10,Chrome 72.0.3626.121,1536x864,1536x754,after questionnairs,AMI,3,High to Low,after consent,after demographics,after training,after fishing,after questionnairs,"{""Q0"":""Quite true"",""Q1"":""Mostly untrue"",""Q2"":""Neither true nor untrue"",""Q3"":""Quite true"",""Q4"":""Neither true nor untrue"",""Q5"":""Quite true""}",25040.930000017397
1,1552054471982,08/03/2019 14:14:31,1552054441406,0,08/03/2019 14:14:01,6138,31,task-lgcm,,2292581,5ab5509cf69e940001d8d954,625403,,complete,,5c82741e24efd80001b93dfa,computer,Desktop or Laptop,Windows 7,Firefox 65.0,1366x768,1366x654,after questionnairs,AMI,3,High to Low,after consent,after demographics,after training,after fishing,after questionnairs,"{""Q0"":""Quite true"",""Q1"":""Mostly untrue"",""Q2"":""Neither true nor untrue"",""Q3"":""Quite true"",""Q4"":""Quite true"",""Q5"":""Quite true""}",18617
2,1552054490558,08/03/2019 14:14:50,1552054459523,0,08/03/2019 14:14:19,6138,31,task-lgcm,,2292581,5ab5509cf69e940001d8d954,625403,,complete,,5c82741e24efd80001b93dfa,computer,Desktop or Laptop,Windows 7,Firefox 65.0,1366x768,1366x654,after questionnairs,AMI,3,High to Low,after consent,after demographics,after training,after fishing,after questionnairs,"{""Q0"":""Quite true"",""Q1"":""Quite true"",""Q2"":""Quite true"",""Q3"":""Completely TRUE"",""Q4"":""Quite true"",""Q5"":""Quite true""}",18074
3,1552054506173,08/03/2019 14:15:06,1552054475638,0,08/03/2019 14:14:35,6138,31,task-lgcm,,2292581,5ab5509cf69e940001d8d954,625403,,complete,,5c82741e24efd80001b93dfa,computer,Desktop or Laptop,Windows 7,Firefox 65.0,1366x768,1366x654,after questionnairs,AMI,3,High to Low,after consent,after demographics,after training,after fishing,after questionnairs,"{""Q0"":""Quite true"",""Q1"":""Quite true"",""Q2"":""Neither true nor untrue"",""Q3"":""Quite true"",""Q4"":""Quite true"",""Q5"":""Quite true""}",16080
1,1552054420081,08/03/2019 14:13:40,1552054420534,0,08/03/2019 14:13:40,6138,31,task-lgcm,,2292596,5c75779b280f660019d7ca5f,625392,,complete,,5c82738bd2c07e0017f53292,computer,Desktop or Laptop,Windows 8,Chrome 72.0.3626.121,1344x840,1344x699,after questionnairs,AMI,3,Low to High,after consent,after demographics,after training,after fishing,after questionnairs,"{""Q0"":""Quite true"",""Q1"":""Mostly untrue"",""Q2"":""Quite true"",""Q3"":""Quite true"",""Q4"":""Mostly untrue"",""Q5"":""Quite true""}",27463.234999973793
2,1552054444811,08/03/2019 14:14:04,1552054445803,0,08/03/2019 14:14:05,6138,31,task-lgcm,,2292596,5c75779b280f660019d7ca5f,625392,,complete,,5c82738bd2c07e0017f53292,computer,Desktop or Laptop,Windows 8,Chrome 72.0.3626.121,1344x840,1344x699,after questionnairs,AMI,3,Low to High,after consent,after demographics,after training,after fishing,after questionnairs,"{""Q0"":""Mostly untrue"",""Q1"":""Mostly untrue"",""Q2"":""Quite true"",""Q3"":""Mostly untrue"",""Q4"":""Quite true"",""Q5"":""Quite true""}",25258.265000011306
3,1552054466705,08/03/2019 14:14:26,1552054467715,0,08/03/2019 14:14:27,6138,31,task-lgcm,,2292596,5c75779b280f660019d7ca5f,625392,,complete,,5c82738bd2c07e0017f53292,computer,Desktop or Laptop,Windows 8,Chrome 72.0.3626.121,1344x840,1344x699,after questionnairs,AMI,3,Low to High,after consent,after demographics,after training,after fishing,after questionnairs,"{""Q0"":""Quite true"",""Q1"":""Quite true"",""Q2"":""Quite true"",""Q3"":""Quite true"",""Q4"":""Quite true"",""Q5"":""Quite true""}",21901.665000012144
1,1552054448486,08/03/2019 14:14:08,1552054448378,0,08/03/2019 14:14:08,6138,31,task-lgcm,,2292601,5bfee33dce8e790001551d25,625394,,complete,,5c8273be810e890001e722fd,computer,Desktop or Laptop,Mac OS 10.14.3,Safari 12.0.3,1280x800,1280x737,after questionnairs,AMI,3,High to Low,after consent,after demographics,after training,after fishing,after questionnairs,"{""Q0"":""Quite true"",""Q1"":""Mostly untrue"",""Q2"":""Mostly untrue"",""Q3"":""Neither true nor untrue"",""Q4"":""Mostly untrue"",""Q5"":""Quite true""}",19536
2,1552054471010,08/03/2019 14:14:31,1552054470960,0,08/03/2019 14:14:30,6138,31,task-lgcm,,2292601,5bfee33dce8e790001551d25,625394,,complete,,5c8273be810e890001e722fd,computer,Desktop or Laptop,Mac OS 10.14.3,Safari 12.0.3,1280x800,1280x737,after questionnairs,AMI,3,High to Low,after consent,after demographics,after training,after fishing,after questionnairs,"{""Q0"":""Neither true nor untrue"",""Q1"":""Quite true"",""Q2"":""Quite true"",""Q3"":""Completely UNTRUE"",""Q4"":""Mostly untrue"",""Q5"":""Quite true""}",22563
3,1552054492840,08/03/2019 14:14:52,1552054492652,0,08/03/2019 14:14:52,6138,31,task-lgcm,,2292601,5bfee33dce8e790001551d25,625394,,complete,,5c8273be810e890001e722fd,computer,Desktop or Laptop,Mac OS 10.14.3,Safari 12.0.3,1280x800,1280x737,after questionnairs,AMI,3,High to Low,after consent,after demographics,after training,after fishing,after questionnairs,"{""Q0"":""Quite true"",""Q1"":""Quite true"",""Q2"":""Mostly untrue"",""Q3"":""Quite true"",""Q4"":""Quite true"",""Q5"":""Quite true""}",21678.000000000007
1,1552054458842,08/03/2019 14:14:18,1552054458362,0,08/03/2019 14:14:18,6138,31,task-lgcm,,2292604,5c65e63b67057200011abaa4,625385,,complete,,5c82731c8c0d01001758fdcf,computer,Desktop or Laptop,Windows 10,Chrome 72.0.3626.119,1707x960,1897x945,after questionnairs,AMI,3,Low to High,after consent,after demographics,after training,after fishing,after questionnairs,"{""Q0"":""Quite true"",""Q1"":""Mostly untrue"",""Q2"":""Mostly untrue"",""Q3"":""Mostly untrue"",""Q4"":""Neither true nor untrue"",""Q5"":""Quite true""}",24380.50500000827
2,1552054492762,08/03/2019 14:14:52,1552054492316,0,08/03/2019 14:14:52,6138,31,task-lgcm,,2292604,5c65e63b67057200011abaa4,625385,,complete,,5c82731c8c0d01001758fdcf,computer,Desktop or Laptop,Windows 10,Chrome 72.0.3626.119,1707x960,1897x945,after questionnairs,AMI,3,Low to High,after consent,after demographics,after training,after fishing,after questionnairs,"{""Q0"":""Quite true"",""Q1"":""Mostly untrue"",""Q2"":""Neither true nor untrue"",""Q3"":""Mostly untrue"",""Q4"":""Neither true nor untrue"",""Q5"":""Neither true nor untrue""}",33922.47000010684
3,1552054532068,08/03/2019 14:15:32,1552054531842,0,08/03/2019 14:15:31,6138,31,task-lgcm,,2292604,5c65e63b67057200011abaa4,625385,,complete,,5c82731c8c0d01001758fdcf,computer,Desktop or Laptop,Windows 10,Chrome 72.0.3626.119,1707x960,1897x945,after questionnairs,AMI,3,Low to High,after consent,after demographics,after training,after fishing,after questionnairs,"{""Q0"":""Quite true"",""Q1"":""Mostly untrue"",""Q2"":""Neither true nor untrue"",""Q3"":""Quite true"",""Q4"":""Quite true"",""Q5"":""Quite true""}",39494.98499999754
1,1552054579592,08/03/2019 14:16:19,1552054579950,0,08/03/2019 14:16:19,6138,31,task-lgcm,,2292631,5c3bb90ebfed770001109912,625404,,complete,,5c8273a742ff490016c7dd3b,computer,Desktop or Laptop,Windows 10,Chrome 72.0.3626.121,1280x720,1280x610,after questionnairs,AMI,3,Low to High,after consent,after demographics,after training,after fishing,after questionnairs,"{""Q0"":""Quite true"",""Q1"":""Quite true"",""Q2"":""Neither true nor untrue"",""Q3"":""Completely TRUE"",""Q4"":""Completely TRUE"",""Q5"":""Mostly untrue""}",22708.325000014156
2,1552054621007,08/03/2019 14:17:01,1552054620772,0,08/03/2019 14:17:00,6138,31,task-lgcm,,2292631,5c3bb90ebfed770001109912,625404,,complete,,5c8273a742ff490016c7dd3b,computer,Desktop or Laptop,Windows 10,Chrome 72.0.3626.121,1280x720,1280x610,after questionnairs,AMI,3,Low to High,after consent,after demographics,after training,after fishing,after questionnairs,"{""Q0"":""Quite true"",""Q1"":""Completely TRUE"",""Q2"":""Neither true nor untrue"",""Q3"":""Quite true"",""Q4"":""Neither true nor untrue"",""Q5"":""Neither true nor untrue""}",40804.48000004981
3,1552054632364,08/03/2019 14:17:12,1552054632838,0,08/03/2019 14:17:12,6138,31,task-lgcm,,2292631,5c3bb90ebfed770001109912,625404,,complete,,5c8273a742ff490016c7dd3b,computer,Desktop or Laptop,Windows 10,Chrome 72.0.3626.121,1280x720,1280x610,after questionnairs,AMI,3,Low to High,after consent,after demographics,after training,after fishing,after questionnairs,"{""Q0"":""Quite true"",""Q1"":""Completely TRUE"",""Q2"":""Quite true"",""Q3"":""Neither true nor untrue"",""Q4"":""Quite true"",""Q5"":""Mostly untrue""}",12052.075000014156
1,1552054628959,08/03/2019 14:17:08,1552054626281,0,08/03/2019 14:17:06,6138,31,task-lgcm,,2292644,5c7ae077477abb00168f812e,625410,,complete,,5c8273b0eb5f5c0012e2ec5f,computer,Desktop or Laptop,Windows 10,Chrome 72.0.3626.119,1366x768,1366x625,after questionnairs,AMI,3,Low to High,after consent,after demographics,after training,after fishing,after questionnairs,"{""Q0"":""Quite true"",""Q1"":""Neither true nor untrue"",""Q2"":""Neither true nor untrue"",""Q3"":""Quite true"",""Q4"":""Neither true nor untrue"",""Q5"":""Neither true nor untrue""}",24292.14499995578
2,1552054662759,08/03/2019 14:17:42,1552054660463,0,08/03/2019 14:17:40,6138,31,task-lgcm,,2292644,5c7ae077477abb00168f812e,625410,,complete,,5c8273b0eb5f5c0012e2ec5f,computer,Desktop or Laptop,Windows 10,Chrome 72.0.3626.119,1366x768,1366x625,after questionnairs,AMI,3,Low to High,after consent,after demographics,after training,after fishing,after questionnairs,"{""Q0"":""Quite true"",""Q1"":""Mostly untrue"",""Q2"":""Neither true nor untrue"",""Q3"":""Neither true nor untrue"",""Q4"":""Neither true nor untrue"",""Q5"":""Neither true nor untrue""}",34116.44499999238
3,1552054690478,08/03/2019 14:18:10,1552054688155,0,08/03/2019 14:18:08,6138,31,task-lgcm,,2292644,5c7ae077477abb00168f812e,625410,,complete,,5c8273b0eb5f5c0012e2ec5f,computer,Desktop or Laptop,Windows 10,Chrome 72.0.3626.119,1366x768,1366x625,after questionnairs,AMI,3,Low to High,after consent,after demographics,after training,after fishing,after questionnairs,"{""Q0"":""Neither true nor untrue"",""Q1"":""Mostly untrue"",""Q2"":""Neither true nor untrue"",""Q3"":""Neither true nor untrue"",""Q4"":""Quite true"",""Q5"":""Neither true nor untrue""}",27614.28999999771
1,1552054694041,08/03/2019 14:18:14,1552054683332,0,08/03/2019 14:18:03,6138,31,task-lgcm,,2292670,5c75bbfec84cc10001508282,625411,,complete,,5c8274a38a3a800010c83115,computer,Desktop or Laptop,Windows 10,Chrome 72.0.3626.121,1920x1080,1920x938,after questionnairs,AMI,3,Low to High,after consent,after demographics,after training,after fishing,after questionnairs,"{""Q0"":""Completely TRUE"",""Q1"":""Mostly untrue"",""Q2"":""Quite true"",""Q3"":""Completely TRUE"",""Q4"":""Quite true"",""Q5"":""Completely TRUE""}",26292.709999999715
2,1552054717947,08/03/2019 14:18:37,1552054707279,0,08/03/2019 14:18:27,6138,31,task-lgcm,,2292670,5c75bbfec84cc10001508282,625411,,complete,,5c8274a38a3a800010c83115,computer,Desktop or Laptop,Windows 10,Chrome 72.0.3626.121,1920x1080,1920x938,after questionnairs,AMI,3,Low to High,after consent,after demographics,after training,after fishing,after questionnairs,"{""Q0"":""Completely TRUE"",""Q1"":""Neither true nor untrue"",""Q2"":""Completely TRUE"",""Q3"":""Mostly untrue"",""Q4"":""Mostly untrue"",""Q5"":""Completely TRUE""}",23935.64000000015
3,1552054743848,08/03/2019 14:19:03,1552054733158,0,08/03/2019 14:18:53,6138,31,task-lgcm,,2292670,5c75bbfec84cc10001508282,625411,,complete,,5c8274a38a3a800010c83115,computer,Desktop or Laptop,Windows 10,Chrome 72.0.3626.121,1920x1080,1920x938,after questionnairs,AMI,3,Low to High,after consent,after demographics,after training,after fishing,after questionnairs,"{""Q0"":""Completely TRUE"",""Q1"":""Quite true"",""Q2"":""Completely UNTRUE"",""Q3"":""Quite true"",""Q4"":""Quite true"",""Q5"":""Completely TRUE""}",25867.905000000057
1,1552054716073,08/03/2019 14:18:36,1552054719360,-6,08/03/2019 08:18:39,6138,31,task-lgcm,,2292680,5bd4869946e2010001a10827,625395,,complete,,5c8273d00322a90014b24dcd,computer,Desktop or Laptop,Windows 10,Chrome 72.0.3626.121,1920x1080,1920x969,after questionnairs,AMI,3,High to Low,after consent,after demographics,after training,after fishing,after questionnairs,"{""Q0"":""Completely TRUE"",""Q1"":""Completely UNTRUE"",""Q2"":""Quite true"",""Q3"":""Quite true"",""Q4"":""Mostly untrue"",""Q5"":""Quite true""}",18278.66499987431
2,1552054854782,08/03/2019 14:20:54,1552054847755,-6,08/03/2019 08:20:47,6138,31,task-lgcm,,2292680,5bd4869946e2010001a10827,625395,,complete,,5c8273d00322a90014b24dcd,computer,Desktop or Laptop,Windows 10,Chrome 72.0.3626.121,1920x1080,1920x969,after questionnairs,AMI,3,High to Low,after consent,after demographics,after training,after fishing,after questionnairs,"{""Q0"":""Quite true"",""Q1"":""Quite true"",""Q2"":""Mostly untrue"",""Q3"":""Completely UNTRUE"",""Q4"":""Mostly untrue"",""Q5"":""Mostly untrue""}",128351.21499979869
3,1552054912378,08/03/2019 14:21:52,1552054915547,-6,08/03/2019 08:21:55,6138,31,task-lgcm,,2292680,5bd4869946e2010001a10827,625395,,complete,,5c8273d00322a90014b24dcd,computer,Desktop or Laptop,Windows 10,Chrome 72.0.3626.121,1920x1080,1920x969,after questionnairs,AMI,3,High to Low,after consent,after demographics,after training,after fishing,after questionnairs,"{""Q0"":""Quite true"",""Q1"":""Mostly untrue"",""Q2"":""Mostly untrue"",""Q3"":""Completely TRUE"",""Q4"":""Quite true"",""Q5"":""Quite true""}",67757.67500000075
1,1552054753575,08/03/2019 14:19:13,1552054753495,0,08/03/2019 14:19:13,6138,31,task-lgcm,,2292696,5b8bbd437073290001839123,625408,,complete,,5c827475d4f0a800157628f1,computer,Desktop or Laptop,Mac OS 10.14.3,Chrome 72.0.3626.119,1920x1080,1920x968,after questionnairs,AMI,3,Low to High,after consent,after demographics,after training,after fishing,after questionnairs,"{""Q0"":""Quite true"",""Q1"":""Quite true"",""Q2"":""Quite true"",""Q3"":""Neither true nor untrue"",""Q4"":""Mostly untrue"",""Q5"":""Quite true""}",18642.304999986663
2,1552054775892,08/03/2019 14:19:35,1552054775829,0,08/03/2019 14:19:35,6138,31,task-lgcm,,2292696,5b8bbd437073290001839123,625408,,complete,,5c827475d4f0a800157628f1,computer,Desktop or Laptop,Mac OS 10.14.3,Chrome 72.0.3626.119,1920x1080,1920x968,after questionnairs,AMI,3,Low to High,after consent,after demographics,after training,after fishing,after questionnairs,"{""Q0"":""Neither true nor untrue"",""Q1"":""Neither true nor untrue"",""Q2"":""Quite true"",""Q3"":""Neither true nor untrue"",""Q4"":""Neither true nor untrue"",""Q5"":""Mostly untrue""}",22323.490000038873
3,1552054795518,08/03/2019 14:19:55,1552054795492,0,08/03/2019 14:19:55,6138,31,task-lgcm,,2292696,5b8bbd437073290001839123,625408,,complete,,5c827475d4f0a800157628f1,computer,Desktop or Laptop,Mac OS 10.14.3,Chrome 72.0.3626.119,1920x1080,1920x968,after questionnairs,AMI,3,Low to High,after consent,after demographics,after training,after fishing,after questionnairs,"{""Q0"":""Completely TRUE"",""Q1"":""Completely TRUE"",""Q2"":""Neither true nor untrue"",""Q3"":""Completely TRUE"",""Q4"":""Neither true nor untrue"",""Q5"":""Completely TRUE""}",19653.790000011213
1,1552054932873,08/03/2019 14:22:12,1552054932662,-5,08/03/2019 09:22:12,6138,31,task-lgcm,,2292744,5c7f17223eaee4001614f4b1,625416,,complete,,5c8274518bc0db00016677af,computer,Desktop or Laptop,Mac OS 10.14.3,Chrome 72.0.3626.119,1440x900,1440x788,after questionnairs,AMI,3,High to Low,after consent,after demographics,after training,after fishing,after questionnairs,"{""Q0"":""Neither true nor untrue"",""Q1"":""Mostly untrue"",""Q2"":""Mostly untrue"",""Q3"":""Completely TRUE"",""Q4"":""Completely TRUE"",""Q5"":""Mostly untrue""}",26929.64500002563
2,1552054953290,08/03/2019 14:22:33,1552054953189,-5,08/03/2019 09:22:33,6138,31,task-lgcm,,2292744,5c7f17223eaee4001614f4b1,625416,,complete,,5c8274518bc0db00016677af,computer,Desktop or Laptop,Mac OS 10.14.3,Chrome 72.0.3626.119,1440x900,1440x788,after questionnairs,AMI,3,High to Low,after consent,after demographics,after training,after fishing,after questionnairs,"{""Q0"":""Neither true nor untrue"",""Q1"":""Mostly untrue"",""Q2"":""Completely TRUE"",""Q3"":""Completely TRUE"",""Q4"":""Completely TRUE"",""Q5"":""Completely TRUE""}",20500.410000095144
3,1552054977430,08/03/2019 14:22:57,1552054977329,-5,08/03/2019 09:22:57,6138,31,task-lgcm,,2292744,5c7f17223eaee4001614f4b1,625416,,complete,,5c8274518bc0db00016677af,computer,Desktop or Laptop,Mac OS 10.14.3,Chrome 72.0.3626.119,1440x900,1440x788,after questionnairs,AMI,3,High to Low,after consent,after demographics,after training,after fishing,after questionnairs,"{""Q0"":""Neither true nor untrue"",""Q1"":""Quite true"",""Q2"":""Completely TRUE"",""Q3"":""Completely TRUE"",""Q4"":""Completely TRUE"",""Q5"":""Mostly untrue""}",24108.405000064522
1,1552055286022,08/03/2019 14:28:06,1552055288923,0,08/03/2019 14:28:08,6138,31,task-lgcm,,2292851,5be7862766e3d100010397f5,625431,,complete,,5c827233d4f0a80001762bc6,computer,Desktop or Laptop,Windows 10,Firefox 65.0,1440x810,1440x708,after questionnairs,AMI,3,High to Low,after consent,after demographics,after training,after fishing,after questionnairs,"{""Q0"":""Completely UNTRUE"",""Q1"":""Completely UNTRUE"",""Q2"":""Mostly untrue"",""Q3"":""Mostly untrue"",""Q4"":""Mostly untrue"",""Q5"":""Quite true""}",26845
2,1552055327096,08/03/2019 14:28:47,1552055330052,0,08/03/2019 14:28:50,6138,31,task-lgcm,,2292851,5be7862766e3d100010397f5,625431,,complete,,5c827233d4f0a80001762bc6,computer,Desktop or Laptop,Windows 10,Firefox 65.0,1440x810,1440x708,after questionnairs,AMI,3,High to Low,after consent,after demographics,after training,after fishing,after questionnairs,"{""Q0"":""Quite true"",""Q1"":""Mostly untrue"",""Q2"":""Mostly untrue"",""Q3"":""Mostly untrue"",""Q4"":""Mostly untrue"",""Q5"":""Mostly untrue""}",41116
3,1552055357596,08/03/2019 14:29:17,1552055360538,0,08/03/2019 14:29:20,6138,31,task-lgcm,,2292851,5be7862766e3d100010397f5,625431,,complete,,5c827233d4f0a80001762bc6,computer,Desktop or Laptop,Windows 10,Firefox 65.0,1440x810,1440x708,after questionnairs,AMI,3,High to Low,after consent,after demographics,after training,after fishing,after questionnairs,"{""Q0"":""Quite true"",""Q1"":""Completely UNTRUE"",""Q2"":""Completely UNTRUE"",""Q3"":""Completely TRUE"",""Q4"":""Completely TRUE"",""Q5"":""Completely TRUE""}",30475
END OF FILE
